id,provider_name,npi,specialty,address,city,state,zip,phone,status,effective_date
1,Allison Hill,3218196001,Cardiology,89083 Robinson Radial,Lisatown,WV,21427,001-765-642-3511x615,active,2025-12-22
2,Kimberly Dudley,6184959310,Dermatology,1316 Chavez Village,Franciscostad,IL,88342,719-228-3276x483,active,2024-10-25
3,Ethan Adams,3953767242,Orthopedics,884 Hurst Locks,Jeffreyberg,NY,65187,801-922-6916,active,2025-06-01
4,Shannon Smith,1845146270,Cardiology,281 Skinner Parkways Apt. 252,New Mariotown,DE,48077,430-639-1171x8227,pending,2025-05-31
5,Tracey Hickman,3465787133,Cardiology,0983 Adrian Station,East Carloston,VI,43810,983-547-3829,pending,2025-12-05
6,Cheryl Davis,6566701065,Oncology,33872 White Mountain,Port Sandra,NV,72633,908-501-3267,active,2026-02-02
7,Carmen Smith,6474687234,Family Medicine,98050 Breanna Parkway,North Susan,CO,24857,291-336-1939,active,2025-03-13
8,Kelly Donovan,3534624751,Orthopedics,9911 William Curve,Nicolebury,MN,37854,(378)449-8084,active,2024-11-20
9,Natalie Moore,4935348740,Family Medicine,640 Matthew Curve,Evanmouth,OH,92994,(280)611-2805x98262,pending,2025-02-01
10,Valerie Williams,5331586923,Orthopedics,60256 Joseph Turnpike,South Monicafort,IN,26659,754.833.0365x414,pending,2025-09-19
11,Erin Johnson,4294019655,Oncology,816 Jonathan Station Suite 088,West Ryan,TN,43780,+1-551-848-4656x482,active,2025-09-09
12,Paul Thompson,9468044369,Psychiatry,7738 Leon Underpass Apt. 148,Clarencebury,TX,41188,932.800.3791,pending,2026-02-17
13,Michelle Cruz,6320163287,Dermatology,317 Laurie Shores,Stephaniemouth,RI,94777,968.372.7743x48734,active,2025-10-14
14,George Orozco,1223623166,Pediatrics,760 Marissa Loaf Apt. 967,West Kennethfurt,PR,55422,+1-289-837-3467,pending,2025-01-11
15,Jennifer Martin,7298069901,Oncology,72046 Lewis Islands Suite 646,Maryfort,AK,98677,+1-205-431-0033,inactive,2024-11-01
16,Brian Gould,7452991241,Dermatology,9663 Brittany Village,North Heidi,ME,90188,+1-819-905-8651x850,active,2024-07-27
17,Madison Poole,2628498776,Orthopedics,3147 Karen Port Suite 507,Hunterborough,MI,34363,949-948-0831x36783,inactive,2025-04-03
18,Edward Sullivan,3495788568,Cardiology,7444 David Fields Suite 182,East Joanna,KY,95473,001-489-641-3435,active,2024-05-21
19,Denise Mccann,8427109477,Oncology,2047 Lynn Locks Suite 190,East Lisa,ME,11665,818.969.9938,active,2026-03-06
20,Kevin Patterson,9909133412,Neurology,81206 Norris Mountains,Antonioport,VT,37557,001-671-434-9361x832,inactive,2024-07-02
21,Eric Curry,9471746488,Dermatology,1906 Munoz Burg Apt. 399,Port Emilyview,OK,05774,001-727-787-4296x71756,active,2025-09-12
22,Erin Steele,4680715451,Psychiatry,087 Brown Path Suite 977,East Josephberg,LA,57925,001-371-509-3248x086,pending,2026-05-06
23,Julia Wilson,2748467737,Cardiology,3982 Joshua Turnpike,Morganhaven,KY,00837,849-997-2787x5588,inactive,2026-03-23
24,Veronica Allen,6360576627,Cardiology,89517 Alicia Motorway,Lake Douglasberg,CA,62038,359-561-5865x780,pending,2025-08-15
25,Yolanda Francis,6117240050,Dermatology,5623 Knight Turnpike Apt. 221,Harveybury,NM,76936,(437)347-4074,pending,2025-03-29
26,Kevin Fowler,6474367136,Neurology,440 Hill Port Apt. 974,New Laurie,IN,83943,794.421.0470,pending,2024-07-15
27,Paul Thompson,2858842474,Orthopedics,71236 Davis Locks Apt. 481,Richardsonview,OR,50442,+1-651-837-0985x9317,pending,2024-08-04
28,Andrew Ferrell,1138267586,Cardiology,1796 Johnson Land,South Sean,IA,48038,958-350-6431,active,2025-09-07
29,Linda Smith,5329318393,Orthopedics,2904 Vanessa Plains,Laurenville,TN,03880,(205)439-5024,inactive,2025-11-04
30,Nichole Alvarez,5891783908,Cardiology,0076 Parks Overpass Suite 115,North David,RI,83479,001-885-369-8478,active,2025-12-11
31,Matthew Rich,8367365766,Cardiology,6545 Gloria Mountains,North Marieland,NE,13157,001-252-680-9885x1656,inactive,2025-07-23
32,Kenneth Lewis,7315851493,Dermatology,998 Chelsea Shoals Suite 024,Sandrastad,AL,24278,(896)812-0183,inactive,2025-04-07
33,Eric Nguyen,9910229014,Neurology,679 Perry Forge Apt. 561,Erikashire,NM,69567,+1-740-336-9003x43244,active,2024-05-16
34,Casey James,3885160607,Neurology,9696 Roberts Lodge,West Georgemouth,MP,90889,(716)513-6968x164,inactive,2025-01-09
35,Jordan Wilson,8355231243,Orthopedics,212 Marshall Port,Maldonadoshire,SD,83770,+1-755-327-1774x490,pending,2024-12-23
36,Anthony Decker,1199867980,Dermatology,359 Mason Circle Suite 151,North John,NV,58096,789.325.5466x59051,pending,2025-06-22
37,David York,9251925462,Cardiology,8652 Debbie Manors,Andrewport,HI,28575,473-832-2141x88805,pending,2024-08-31
38,Michael Weber,2706537947,Pediatrics,347 Micheal Ports,Murrayport,WI,50553,386.623.9240x75818,pending,2024-07-11
39,Jerry Palmer,6137506068,Orthopedics,61530 Galvan Villages Suite 220,Samanthafort,UT,18692,001-377-690-1043x28986,active,2024-10-31
40,David Fowler,9711798089,Psychiatry,246 Christina Garden,Lopezland,NC,47766,288-888-8067,inactive,2026-04-28
41,Alan Kramer,5319520585,Dermatology,772 Bryan Trail,Johnsonborough,AZ,26645,5546868740,pending,2025-01-26
42,Sharon Rivera,1566765277,Orthopedics,416 Ryan View Apt. 845,North Markport,ME,58948,+1-362-875-7059x640,pending,2025-01-31
43,Meghan Cisneros,2970213556,Neurology,275 Wallace Club,New Michael,MD,85640,931-502-7868x144,active,2026-05-09
44,Thomas Henry,1217271551,Orthopedics,2258 David Flats Apt. 370,Angelastad,NH,72806,(891)314-6786,active,2024-08-10
45,Benjamin Owens,8528922680,Neurology,242 Marcus Station,West Stacey,NC,37731,343-484-2498,inactive,2025-07-17
46,Carolyn Weber,9590010943,Dermatology,078 May Hollow Suite 364,Joneston,GA,58120,(377)735-9255x56258,active,2024-11-03
47,Jerry Thomas,0469632595,Orthopedics,78774 Johnson Lock,Levyborough,OR,46755,3048797480,pending,2024-08-16
48,Jacob Powell,0609835841,Neurology,784 David Court Suite 558,Kariborough,PA,67232,(480)700-2578x7298,active,2026-03-22
49,James Jensen,4958887947,Psychiatry,5169 Robles Stream,New Thomasshire,OK,30325,001-509-272-8962x3091,inactive,2025-03-29
50,Jason Harris,8970283857,Psychiatry,2785 Lowe Ways Suite 973,West Angela,IN,39509,001-843-775-7584x41986,active,2026-04-08
51,Donna Roberts,1574733848,Dermatology,19933 Elizabeth Pines Apt. 301,Riverafort,CT,89786,001-520-282-6773x45401,active,2026-03-09
52,Stephen Thompson,0672400499,Orthopedics,4788 Small Dale,Nelsonville,MA,21799,001-774-320-5493x2966,pending,2025-02-28
53,William Woods,3046374549,Dermatology,5301 Parker Lodge,Hannahport,MN,81061,932.572.7956,pending,2025-11-18
54,Linda Cobb,8785191088,Oncology,822 Bond Mills,Lake Jamieshire,NM,12420,870.672.8679x08740,pending,2025-12-28
55,Laura Williams,5180170462,Oncology,656 Kane Lane,Millerside,DC,86161,(812)886-8230x047,inactive,2026-01-02
56,Gregory Hill,1069033119,Orthopedics,9030 Gonzales Plains,Port Michelle,AR,18868,643.695.9953x42836,active,2024-06-24
57,Sheryl Buck,6870568566,Psychiatry,6287 Melissa Hills,Port Steven,AR,74214,(568)282-6343x51751,active,2024-11-23
58,Lindsey Russo,3983735403,Family Medicine,173 Randy Garden,Kimberlyfurt,NH,70447,+1-754-845-8771x7535,active,2024-06-13
59,Natalie Smith,8996423536,Pediatrics,8547 Murray Street,Garyside,NM,24624,+1-508-301-0062,pending,2025-10-09
60,Jonathan Brooks,9977008860,Pediatrics,484 Wayne Square,Drakeburgh,CT,13125,523.539.8454x61567,pending,2024-12-16
61,Angela Frey,0166687002,Oncology,6591 Jerry Ways,Nelsonland,TX,37250,+1-890-325-0392,pending,2024-12-15
62,Lacey Atkinson,8562185016,Cardiology,59996 Johnson Groves,Henrystad,OH,49708,(829)761-9431x14262,inactive,2025-01-29
63,Tommy Wallace,4121267888,Oncology,01581 Shields Bridge Suite 661,New Adriana,TX,50404,(824)644-7212,pending,2025-03-14
64,Mr. David Wright,7993712406,Psychiatry,657 Jordan View Apt. 459,South Leon,MO,42331,479-235-6465x1939,pending,2026-04-07
65,Michael Gonzales,4167243426,Dermatology,79796 Stephens Turnpike Suite 891,Port Johnstad,GA,85304,+1-509-965-6101x438,pending,2025-02-08
66,Michael Vaughn,2507146112,Family Medicine,5738 Bailey Court Suite 751,Bradleyville,AK,45468,+1-812-438-2825x8673,pending,2024-09-24
67,Jennifer Mclaughlin,3796603341,Cardiology,255 Stephen Greens,Rosemouth,PA,51440,+1-369-415-5792x499,pending,2024-12-25
68,Bruce Brooks,2866929662,Dermatology,828 Tracy Dam Apt. 579,Port Michaeltown,NM,18396,968.487.6767,pending,2024-07-10
69,Philip Carter,4384279788,Neurology,148 Weaver Throughway,Port Jenniferside,IL,56226,334-507-4517,active,2024-10-11
70,Melissa Callahan,9629233095,Dermatology,825 Roberts Grove Apt. 260,Michelleberg,UT,17893,825.836.7294,inactive,2025-04-06
71,Sheryl Davis,8457759017,Pediatrics,86363 Adams Village Suite 589,New Melissa,WY,45555,+1-600-417-0127x70632,inactive,2026-02-09
72,Anna Ward,1520643611,Family Medicine,71293 Smith Square,Lisachester,UT,17825,413.361.1155x4262,pending,2025-06-02
73,Matthew Alexander,3269731121,Dermatology,6523 Newman Gateway Suite 043,Lake Peter,SD,07653,276.713.7918,pending,2026-03-24
74,Scott Carroll,5827109104,Pediatrics,06848 Henderson Locks,Lake Amandaberg,KY,11458,218-532-8569x1463,pending,2024-07-13
75,Jesse Lynch,4210202758,Cardiology,52410 Roman Groves Apt. 491,Gibsonstad,AR,65985,001-225-224-1913,pending,2026-01-28
76,Angel Cox,2208635365,Dermatology,95180 Jeffrey Path Apt. 617,Kiaraport,MD,11823,+1-570-953-4949,pending,2025-02-04
77,Yolanda Parsons,8320603850,Orthopedics,64138 Robert Circle Apt. 410,Port April,UT,49324,419.518.2619x906,active,2024-12-10
78,Tammy Long,5574313291,Neurology,27756 Amanda Trail,South Kyle,KS,16218,524-790-3521,active,2025-02-24
79,Edwin Wilkins,2067883171,Family Medicine,00323 Watson Roads,New Brendaland,AK,08951,472.815.1070,pending,2026-01-01
80,Allen Vega,2532447209,Neurology,476 Brown Harbors,Taylorborough,SD,69420,780.865.7875,inactive,2024-11-24
81,Kyle Johnson,4078593213,Family Medicine,8039 Kelly Villages,East Joel,MD,97245,001-659-405-9929x378,active,2025-05-04
82,David Robinson,8705932525,Neurology,29218 Yu Landing,Willismouth,ME,42785,(526)475-2895,inactive,2025-02-11
83,Elizabeth Thompson,0969029593,Orthopedics,2513 Haas Expressway,Port Jennamouth,NV,01994,433-815-4100x676,active,2025-05-06
84,Joshua Garcia,7932710405,Orthopedics,15262 Amy Course Suite 997,South Sherriburgh,PA,57412,(601)653-3688,pending,2024-12-14
85,James Dunn,7205061497,Cardiology,03241 Anthony Inlet,Ruizview,CO,84631,+1-662-956-5270,active,2025-04-15
86,Derrick Brown,1158693806,Psychiatry,793 Evans Locks Apt. 898,North Stacy,NV,23160,(433)620-6163,active,2024-12-30
87,Renee Miller,8685487099,Pediatrics,62299 Sara Port Apt. 485,Bakerfort,OK,80318,202.946.2996x0653,active,2026-03-15
88,Alicia Roth,4447132475,Psychiatry,691 Scott View Suite 785,New Laceyland,ME,93505,762.589.0233x03070,pending,2024-11-27
89,Kathy Reid,1035797279,Pediatrics,2414 Paul Estates Apt. 333,Denisehaven,AK,89918,6726290349,inactive,2025-03-16
90,Gregory King,7489691085,Oncology,1715 Davidson Wall Suite 443,New Kathy,MH,07942,+1-565-720-7446x660,active,2025-10-24
91,Joseph Glover,5842824172,Orthopedics,825 Jeffrey Fork Suite 655,Brendamouth,PR,15938,809.299.1738x1684,pending,2026-02-06
92,Willie Cooper,9725217525,Dermatology,74329 Tracy Track,East Christinachester,MO,56734,560.508.3505x8300,inactive,2025-09-29
93,Carl Reyes,9421044789,Neurology,2575 Frederick Valleys Suite 033,East Jessica,OR,66644,(215)306-4890,inactive,2025-08-31
94,Michael Butler,6184723046,Psychiatry,849 Robert Cove,West Danielville,NM,26538,+1-534-983-5642x087,active,2025-01-07
95,Michael Meadows,9721811437,Orthopedics,7012 Melissa Lake Suite 611,North Melissaburgh,MA,47362,894.915.5216x674,active,2025-12-16
96,Rebecca Wilson,0216979729,Cardiology,9027 Rodriguez Loop Suite 014,Alexanderhaven,WI,97969,001-593-958-8916,inactive,2025-01-18
97,Janice Combs,8900287721,Family Medicine,3540 Andrea Lane Suite 317,Solismouth,CO,65834,351.670.1660x880,pending,2026-02-20
98,Mary Bryant,5503758997,Orthopedics,711 Aaron Knoll Suite 885,North Pennyfort,DC,94460,001-361-849-3316x3735,pending,2024-06-13
99,Megan Martinez,7798270808,Orthopedics,782 Jessica Crossroad Apt. 699,Williamfurt,MT,80323,001-634-765-4722x698,active,2025-10-13
100,Mackenzie Harris,9452288515,Cardiology,968 Rich Manors Apt. 810,Thomaston,ID,35494,001-524-842-0438x05719,pending,2024-10-31
101,Rebecca Roberts,0666580043,Family Medicine,59893 Kelly Fall Apt. 228,South Billyview,OH,35135,(429)740-5720,active,2025-07-21
102,Lori Cameron,4798515832,Cardiology,268 Davis Forges,Lake Martin,MN,38980,598.578.0157,active,2026-04-11
103,Erica Moon,1648408588,Neurology,0435 Stacy Expressway Apt. 133,Houstonborough,ND,92610,001-361-520-7501x1024,active,2026-03-07
104,Jerry Sullivan,5061809190,Orthopedics,8144 Juan Mill,Fostertown,NJ,20990,+1-232-468-4245,inactive,2024-08-09
105,Kyle Medina,1435368222,Psychiatry,431 Emily Port,Port Karenside,NH,84999,+1-714-714-1397,active,2024-08-12
106,Ariel Harvey,3577594929,Pediatrics,6205 Kristen Station Suite 452,Nataliemouth,NV,47521,001-347-281-2914x28341,pending,2026-01-22
107,Robin Riley,9308488725,Psychiatry,94278 Randy Parkway Apt. 392,South Erik,OK,74663,+1-727-850-3731x45303,active,2025-04-19
108,Anthony Hooper,5184498926,Psychiatry,9184 Kaufman Fork Suite 557,Eatontown,NY,18715,323.518.4322x259,inactive,2025-03-10
109,Brian Leonard,7392603029,Orthopedics,80920 Jonathan Falls,Greeneshire,SC,02941,001-441-637-9772x3692,active,2024-09-10
110,Tammy Carlson,1366210388,Cardiology,91279 Natalie Place Apt. 172,Port Erikachester,NC,55640,(408)663-7659x916,pending,2025-04-24
111,Scott Campbell,8643009818,Oncology,3565 Eric Run,Joseside,NE,74513,(994)663-6887x258,inactive,2026-05-03
112,Patricia Sanders,2137213865,Oncology,60127 Davis Greens,West Christopher,AZ,95461,(669)584-9027x7038,inactive,2024-06-04
113,Kelli Hall,2053021465,Psychiatry,9380 Samantha Plaza Suite 895,Sylviaview,IN,79978,376.390.4268,pending,2025-05-13
114,Bruce Palmer,4894769735,Family Medicine,790 Wilson Cliff Suite 335,Moseshaven,ND,01775,001-743-541-6518x275,pending,2026-02-23
115,Travis Vega,3733343333,Cardiology,11179 Kathryn Plains Apt. 759,Travisshire,VI,36510,228.746.3920x8678,active,2025-02-22
116,Carrie Bray,8750036915,Oncology,428 Young Mountains Suite 527,Clarkstad,MN,53007,872-592-9314x386,pending,2024-08-25
117,Brittany Shaffer,2672885744,Neurology,1203 Woods Roads,South Julieview,MN,47727,+1-584-450-6159,active,2026-04-26
118,Frederick Dixon,7169472256,Orthopedics,12535 Delgado Station Suite 964,Normanstad,WA,77429,376.322.0234x13261,active,2026-03-26
119,Anthony Wise,8114921643,Orthopedics,472 Alison Extension,North Elizabethmouth,VI,62911,884.687.2829x979,pending,2026-03-06
120,Mr. Brandon Parker,6424008254,Psychiatry,077 Smith Meadows Suite 930,Jacobside,NE,52241,626.663.4163,active,2025-08-28
121,Debra Lopez,1224179749,Oncology,50208 Jacob Cove Suite 427,East Christophertown,NM,28968,964-475-7051x20461,active,2024-09-28
122,Ruth Clayton,1367303718,Dermatology,6452 Julie Plaza,West Timothyport,ID,47742,3318365024,inactive,2025-12-08
123,Andrew Logan,7925132719,Orthopedics,005 Jacqueline Turnpike Apt. 273,Tinastad,AS,58004,001-930-565-2407x7848,active,2025-06-29
124,Erica Mcdonald,9821827448,Psychiatry,0862 Christine Lakes Apt. 518,Leefort,WI,72782,(394)256-5118,pending,2026-01-11
125,Shane Harris,7310967899,Cardiology,53910 Diana Village Apt. 705,Shortton,GU,81363,880-514-1381x138,active,2024-09-29
126,Laura Meza,8861957612,Family Medicine,685 Amanda Rapid,Mahoneymouth,OH,43054,(766)959-3983x684,active,2025-04-03
127,Nicholas Bird,9082404335,Orthopedics,488 Clinton Mount,Ericview,MN,76805,334.741.9693,active,2025-12-11
128,Roger Norris,9194096105,Oncology,6139 Cynthia Roads Suite 048,West Amberberg,MD,66351,001-632-806-7998x136,inactive,2024-08-27
129,John Mcgee,8641686227,Psychiatry,6938 John Grove,Morrisshire,CO,15250,+1-966-455-3559x04259,active,2025-03-28
130,Cynthia Jennings,2110392405,Oncology,7705 Jody Forest,New Alexandra,KS,72433,692.206.9804x2043,active,2025-04-15
131,Andrea Guerrero,5104636815,Pediatrics,812 Vincent Mount Apt. 038,Matthewfurt,WA,21079,6558543840,inactive,2026-02-20
132,Alyssa Peters,4325621689,Family Medicine,3926 Browning Isle,Danielsborough,SD,18664,001-483-724-8262,inactive,2024-06-29
133,Michelle White,2056647423,Dermatology,20994 Caitlyn Fort,West Christopherfort,DC,66341,+1-875-226-7722x330,inactive,2026-03-18
134,Courtney Powers,3312797573,Dermatology,0965 Carr Summit Apt. 817,Wilcoxton,FM,32708,986.408.6803x47644,inactive,2025-03-15
135,Amy Black,2771812982,Psychiatry,5702 Garza Station Apt. 714,Heatherburgh,VT,96611,411-875-1868,active,2025-06-17
136,Christopher Rogers,2222064474,Orthopedics,23094 Stephen Walk,Stephenstown,PA,65180,239.577.6719,inactive,2026-02-14
137,Mark Wilkins,3022050209,Orthopedics,1016 Evan Haven Apt. 795,North Kaylamouth,MN,50169,768-814-7214,active,2025-05-29
138,Lisa Rodriguez,8179469548,Family Medicine,99787 Morton Ridge Apt. 430,North Stevenville,WA,27676,+1-366-605-5830x344,pending,2024-12-16
139,Pamela Wilson,5569902355,Neurology,0272 Mcclain Plain Suite 760,Annettemouth,OH,70740,7398551240,active,2025-08-11
140,Laura Price,9145046173,Family Medicine,4384 Daniel Tunnel Apt. 317,Port Timothyhaven,FL,25432,378-245-2182x30768,pending,2024-12-24
141,Ryan Wiggins,5701840943,Psychiatry,34485 Lambert Groves Apt. 241,New Anitaville,IL,71611,(785)942-4932x149,pending,2024-06-17
142,Steven Williams,6016629979,Pediatrics,5381 Bradley Course Suite 174,Ruizbury,FL,81364,756-925-5770x171,active,2025-04-13
143,Randy Munoz,2816158148,Cardiology,9639 Amy Orchard Suite 153,Muellerchester,OK,45353,+1-932-719-7199,active,2025-06-20
144,Casey Blanchard,1919657013,Cardiology,022 Schmidt Loaf,Gonzalezmouth,ME,75248,+1-246-251-9098x62405,pending,2025-10-07
145,Heather Callahan,0369656666,Cardiology,272 Angela Ville,Maryberg,LA,88327,(320)410-2762,pending,2025-08-23
146,Jesus Mccormick,9692786876,Orthopedics,26909 Bradford Freeway Suite 689,Arthurton,OK,63843,001-351-597-1284x781,inactive,2025-04-21
147,Toni Miller,8949058077,Cardiology,565 Roberts Camp Suite 940,Laneshire,AR,86526,690-647-1281x4429,pending,2026-01-28
148,Brian Thompson,9275243728,Orthopedics,1292 Mullins Loop,Youngmouth,VA,84069,(939)850-4102,pending,2025-04-24
149,Travis Nielsen,3667428604,Family Medicine,5801 Blanchard Meadows Suite 544,West Destinyfurt,NH,89012,001-839-338-5258x0010,pending,2025-05-29
150,Heather Hardy,4300910939,Cardiology,119 Nicholas Track,North Heather,KS,39110,817.746.5421x406,inactive,2026-05-09
151,Robert Thompson,1739627128,Neurology,91741 Charles Ports Suite 707,Lake Danielle,AZ,87612,(542)256-9087x7661,inactive,2025-02-16
152,Penny Martinez,8554601585,Orthopedics,4328 Tammy Shore,West Heather,MH,14495,+1-857-317-3203x0937,pending,2025-12-11
153,Kathryn Hanna,7005050613,Neurology,829 Sandy Camp Apt. 707,East Jacquelineberg,AL,23078,+1-504-317-9291x1179,active,2025-12-20
154,Robert Hendrix,6519825309,Dermatology,1142 Jackson Land,South John,OR,05835,(219)462-0710,inactive,2026-03-19
155,Linda Campbell,7232487632,Pediatrics,279 Courtney Tunnel,Michaeltown,OH,31386,918.519.5883,pending,2024-11-29
156,Robert Jennings,7722005436,Dermatology,9701 Sara Fall Apt. 078,North Pattymouth,OR,76491,363-953-1531x36363,inactive,2025-07-12
157,Jeffrey Robinson,9726527354,Neurology,2090 Taylor Walk,Ellisburgh,WV,45534,349.829.2983,active,2026-01-27
158,Zachary Vargas PhD,4063356939,Family Medicine,060 Vickie Street,South Amandafort,AS,91812,477-731-8063,inactive,2024-12-13
159,Ann Castillo,4279907726,Cardiology,7016 Schmidt Hill,Mullinsside,OK,27652,+1-719-750-8501x65790,active,2024-09-16
160,Andrea Fletcher,3253817933,Orthopedics,4864 Bryan Key Suite 788,South Jenniferside,MH,38808,395.413.7116x241,pending,2024-11-28
161,Kathleen Golden,8046827567,Dermatology,3103 Jenkins Junctions,Toddhaven,MP,72389,274.492.4243x754,active,2025-01-24
162,Christopher Glass,8422223105,Neurology,4523 Elizabeth Key,West Shane,GA,70446,610-967-2752x0885,active,2026-02-24
163,Nicole Mcknight,2975170281,Orthopedics,69375 Mark Rest Apt. 983,Jamesland,ND,58888,+1-818-763-7599x80562,inactive,2025-02-17
164,Gregory Parker,7813767426,Dermatology,99123 Wells Ways Suite 196,North Robertview,MT,23424,+1-979-223-2648,active,2026-01-02
165,Kevin Snyder,7300244714,Psychiatry,73014 Gamble Cliff Suite 979,Oneillfort,UT,16175,(789)404-2902x572,pending,2024-06-18
166,Mark Friedman,0448183219,Dermatology,554 Jennings Spurs,Codyshire,MI,19338,3285457652,pending,2024-08-31
167,Colin Prince,9888167112,Family Medicine,5452 Preston Ranch,Geraldport,AK,98078,332-823-4232,pending,2025-09-27
168,Angela Hampton,6031089071,Dermatology,14011 Briana Flats Apt. 501,Port Julie,KY,76490,(552)589-3891x190,pending,2026-04-15
169,Paul Smith,1387592712,Cardiology,6383 Rodriguez Island Apt. 718,South Kathryn,VT,38285,+1-601-957-1647,active,2024-10-23
170,William Patterson,1752071678,Dermatology,26691 Calvin Flat,Jamesfurt,DE,31023,(474)999-4657x96784,active,2024-07-28
171,Jonathan Fuller,2010170269,Cardiology,49911 Sparks Flats Suite 778,Amyside,ND,02817,001-606-416-7567x70028,pending,2025-05-05
172,Mike Freeman,1978897782,Pediatrics,4796 Miranda Haven,Bryanshire,AZ,17304,(259)505-6165x565,inactive,2024-11-08
173,Leslie Lozano,1415208507,Dermatology,864 Heather Radial Apt. 569,Morrisville,AS,64511,735-878-5294,pending,2024-10-05
174,Valerie Jones,8344049639,Orthopedics,919 Nelson Port,Simmonsstad,WY,10549,+1-948-446-8536x6498,pending,2026-02-13
175,Kelli Lopez,7374896908,Neurology,7232 Richard Loop,Michelleland,SC,27181,(644)924-9363x12303,active,2025-04-30
176,Jennifer Bullock MD,4204482070,Dermatology,59416 Powers Course,Hahnberg,IA,15172,001-581-389-8471,pending,2025-11-27
177,Ronnie Mclaughlin,3632123476,Psychiatry,078 Lyons Creek Suite 867,West Natasha,FL,48079,354.509.0034x8645,inactive,2026-01-27
178,Theodore Long,4413432756,Family Medicine,1776 Love Wells,Port Ethanview,NY,09199,(869)585-7002x720,active,2025-08-13
179,Bradley Moore,8296577242,Oncology,3165 Phillip Lane Apt. 008,North Terri,ID,34813,001-320-269-6942x152,inactive,2025-10-18
180,Thomas Chavez,7133344762,Family Medicine,93436 Ricky Drive Apt. 443,Solomonstad,OR,90189,+1-371-307-2563x6694,active,2025-06-22
181,Timothy Ruiz,5990048964,Neurology,528 Beverly Green Apt. 875,Andersonmouth,VT,70024,(624)715-0274x56449,active,2025-03-25
182,Norman Henry,2870320320,Dermatology,2761 Williams Knolls Suite 771,North Michael,IL,37740,(428)849-9390,active,2026-03-14
183,Jonathan Davis,5041659152,Psychiatry,77749 Mark Cape,Nguyenshire,DC,28205,8456018961,pending,2024-09-18
184,Sharon Davis,3266421476,Oncology,925 Marilyn Passage Apt. 776,Adamschester,CO,99655,(359)626-6108x57327,pending,2025-04-18
185,Robert Evans,2438649081,Family Medicine,186 Davis Shore,Michaelshire,CO,66488,6177226016,active,2025-07-14
186,Michael Hanson,4523219416,Cardiology,61027 Holt Ways,Turnerstad,UT,88817,001-564-912-2031x030,pending,2025-08-28
187,Jessica Garrett,8314727601,Pediatrics,77707 James Port,Williamstown,CT,83130,001-966-579-9840x767,pending,2025-10-15
188,Jennifer Stewart,1467179576,Family Medicine,43757 William Radial,Sandramouth,DC,38956,001-566-457-2934x1722,inactive,2025-07-27
189,Jason Chaney,4338005452,Pediatrics,015 Wilson Forks,New Jeffreyview,MA,47063,001-308-242-8910x77119,inactive,2025-05-16
190,Bruce Harris,5247871255,Pediatrics,37603 Peterson Parkways,North Joseph,VT,99440,(253)928-6326x66785,active,2024-08-25
191,Robert Acevedo,1556260602,Dermatology,846 Blackwell Squares,Jennifermouth,PW,45610,9487926738,inactive,2026-02-18
192,Jennifer Gonzalez,4108562884,Family Medicine,88485 Andrew Underpass,Johnport,VA,55911,910.754.8510x17490,inactive,2026-04-29
193,Virginia Cunningham,8935449268,Orthopedics,58935 Garcia Station,Pooleland,CO,08652,(927)837-1586x98864,pending,2026-05-09
194,Theresa Dennis,6228277288,Orthopedics,377 Julie Points,Sandraville,PA,54059,715-694-0821,pending,2026-05-05
195,John Moody,2960443270,Cardiology,510 Olson Inlet,Mcculloughfurt,NJ,94877,+1-822-887-7725x199,inactive,2024-10-28
196,Joshua Rubio,7412094818,Oncology,98909 Karen Parkway,North Dominiqueside,HI,02987,933-297-1895x690,pending,2025-01-14
197,Alexander Rice,6411182422,Pediatrics,24620 White Station Apt. 461,Douglasmouth,KS,49720,803-339-9378,active,2024-11-23
198,Juan Jones,0630489138,Pediatrics,9671 Krista Divide,Amberburgh,WY,32634,+1-468-270-0794,active,2024-06-23
199,Denise King,6539840289,Oncology,1612 Johns Fords,Nicolemouth,SC,34758,001-974-235-5379x50209,active,2026-02-28
200,Jennifer Woodard,7681180715,Pediatrics,562 David Land Apt. 703,Port Juanstad,ID,12293,+1-543-837-5047x930,pending,2024-07-31
201,Jonathan Jackson,3999219212,Neurology,384 Melanie Brooks Suite 870,Davidsonton,PR,42837,(964)718-7758x03046,inactive,2024-05-14
202,Brad Armstrong,0361332541,Orthopedics,76095 Wright Mountains,West Marissa,GU,44225,731.399.7179x11006,inactive,2025-12-04
203,Robert Brown,9611080466,Pediatrics,639 Shawn Mountain,Hobbsville,MA,85818,+1-407-685-9311x09193,pending,2025-01-25
204,Mr. Cody Taylor,0024968549,Cardiology,74954 Cordova Path,North John,GU,73829,9659333153,inactive,2025-07-23
205,Kenneth Mccarty,9465217073,Family Medicine,337 John Street,Lindsayfurt,IL,52970,(405)601-5081,inactive,2025-03-28
206,Susan Ward,0334234258,Orthopedics,30241 Marie Dam,Penaville,MA,28057,573-555-2896x1122,active,2025-06-04
207,Emily Jordan,3099384253,Psychiatry,428 Clark Common,Gibbsland,GA,67166,(685)878-7255x8777,inactive,2025-08-20
208,Marie Clark,3736346692,Dermatology,8121 Wallace Knoll Apt. 907,Ronaldmouth,NE,54103,(375)646-0273x415,active,2026-01-16
209,Maria Hartman,3111508353,Orthopedics,4439 Yesenia Terrace Suite 044,Kristafurt,MO,76516,001-907-982-6333x73898,active,2025-01-15
210,Ryan Patterson,6377805292,Orthopedics,075 Perez Manors Suite 845,New Kristenberg,FL,43787,001-899-596-6361,inactive,2025-04-23
211,Victor Fowler,4121820970,Neurology,16433 Keller Cliff,Brownhaven,AL,23022,666-821-2867x16323,inactive,2025-12-29
212,Caitlin Andrews,4938743027,Cardiology,9385 Stevens Ports,Lake Christophermouth,MI,92292,001-446-392-6329x676,inactive,2025-02-22
213,Cynthia Harrell,4841376815,Neurology,85672 Clark Cape,Johnsonmouth,MS,45544,001-363-360-0412x5777,pending,2025-06-15
214,Travis Taylor,4220912418,Oncology,10427 Thompson Station Apt. 837,Port Cynthiahaven,SD,87341,001-716-547-0900x633,pending,2024-10-04
215,Alexis Smith,3131220681,Neurology,8393 Mcmillan Crest Apt. 315,Glennfurt,SD,41951,2633731495,active,2026-02-17
216,Randall Porter,1892419562,Cardiology,57150 Reyes Route Apt. 890,North Christina,MH,16761,836-539-1025x7432,inactive,2025-08-23
217,Nicholas Hinton,7524508640,Pediatrics,553 Amber Shores,Port Grace,VA,29657,+1-468-552-7017x130,pending,2024-08-10
218,Joshua Pope,3381674233,Dermatology,93449 Faulkner Flats Suite 715,Grayfort,NV,55904,496.627.0661x49828,active,2025-02-13
219,Douglas Hart,7152732300,Cardiology,6665 Burns Row Apt. 601,Frederickburgh,ID,57687,758-275-0663x370,pending,2025-10-02
220,Deborah Gibson,2439920116,Oncology,918 Nancy Expressway Suite 448,Willischester,WV,95875,219-452-4364,inactive,2025-12-28
221,Benjamin Horton,8646225223,Neurology,81793 James Summit Apt. 346,Simsville,VI,83919,(214)516-1415,inactive,2025-04-25
222,Ashlee Brown,0901380698,Cardiology,7596 Wood Junctions Suite 356,Bishopstad,VI,43788,607-562-0918,inactive,2025-02-04
223,Mary Alvarez,6305050573,Orthopedics,9156 Hatfield Walks Apt. 649,Lake Douglas,NC,75460,001-980-527-1487x271,inactive,2024-11-04
224,Tony Graves,1602564347,Family Medicine,287 Laura Isle,New Katie,PA,08977,+1-356-768-6334x1411,pending,2025-11-03
225,Natasha Wilson,5256904098,Oncology,6552 Daniel Branch,Stewartport,MP,29193,972.594.2095x4814,active,2025-05-07
226,Jamie Zavala,5233027642,Orthopedics,656 Mooney Throughway,Myershaven,VA,37599,438-961-2590x4729,inactive,2025-10-01
227,Charles Robinson,3059126620,Oncology,7201 Watkins Drive,Sanchezville,IA,52490,349.326.1764x7501,active,2024-08-08
228,Susan Walker,9997419267,Neurology,9215 Jennifer Wall Apt. 606,Brownshire,ND,94053,+1-413-512-9208x7510,pending,2025-08-31
229,David Mullins,1184582603,Neurology,84872 Neal Pike Suite 988,Lake Corey,GU,06364,503.724.3298,pending,2024-11-29
230,Jennifer Pierce,4626714628,Cardiology,43598 Robert Drives,Victoriachester,MS,03897,+1-731-741-8186x151,pending,2025-11-30
231,Robert Hill,1636112849,Dermatology,85948 Lawson Causeway Apt. 562,Lindaside,OH,78438,(279)724-0822x2694,pending,2025-10-10
232,Lee Mann,2757844683,Dermatology,146 Bruce Roads Apt. 131,New Brian,WA,37968,+1-370-868-2778,pending,2024-05-21
233,Ronald Smith,6853890972,Oncology,15285 Roberto Light,West Tara,MA,89507,281.844.7443,inactive,2024-10-16
234,Timothy Day,0797050975,Oncology,1052 Gomez Courts Suite 731,South David,NM,01406,(443)676-5456,pending,2024-07-29
235,Ryan Martin,5605313402,Dermatology,5023 Moyer Grove Apt. 678,Marshberg,MD,98947,001-268-762-1102x25803,pending,2025-03-21
236,Aimee Castillo,4716392823,Pediatrics,43637 Jacqueline Parkway Apt. 392,North David,AZ,36396,826.609.3106,active,2025-10-04
237,Courtney Simmons,0860414545,Oncology,50200 Donna Islands Apt. 474,South Jackfort,MN,44316,511-608-2555x9895,pending,2024-10-11
238,Stephen Anderson,9109337118,Oncology,7382 David Manor Suite 855,Sotoville,PW,57664,476-688-0294,pending,2024-06-13
239,Rebecca Benson,6788127868,Pediatrics,9432 Ernest Forge Apt. 878,Kevinbury,LA,93333,481-623-0834x024,pending,2026-02-08
240,William Mayo,3810595518,Dermatology,269 Nguyen Centers Apt. 534,West Teresa,ND,86656,001-891-464-9837x35439,inactive,2025-04-02
241,Jessica Hernandez,7172722397,Family Medicine,404 Nicole Viaduct,Mcdanielborough,CA,19312,363-876-1820,inactive,2025-02-15
242,Adam Rivas,0231429001,Dermatology,132 Malone Mills Apt. 457,East Brian,UT,35557,+1-581-200-1841x8620,active,2024-10-23
243,Harry Mitchell,6172131451,Oncology,51092 Roy Isle Apt. 624,Michaelville,KY,65938,+1-854-610-2252x67711,pending,2024-08-24
244,Cameron Saunders,5576769523,Neurology,8788 Patel View Apt. 619,Rosebury,UT,11937,350.230.5872,inactive,2026-03-08
245,Samuel Osborne,2472863330,Psychiatry,26065 Jacqueline Shore,South Maryburgh,AK,19753,(621)931-0962x272,inactive,2025-03-07
246,Richard Dominguez,4120092820,Orthopedics,7849 Fletcher Manors Apt. 418,Spenceberg,WA,28270,(890)436-2891x7756,pending,2024-06-19
247,Jeff Nelson,1159503428,Psychiatry,39043 Danielle Bypass,West Christopher,OK,74530,7976005140,pending,2026-04-11
248,Emily Myers,5215681820,Pediatrics,9042 Faith Common Apt. 332,New Zachary,VA,80289,+1-585-372-5459x6063,pending,2026-04-11
249,Wendy Davis,0248171752,Cardiology,14955 Charles Station Suite 474,Santosberg,DE,75046,705.346.6927x5895,inactive,2025-09-21
250,Deborah Hutchinson,0903802146,Neurology,613 Sawyer Skyway,West Stevenside,MH,61430,312-716-6365,active,2025-01-16
251,Christy Figueroa,1470827235,Orthopedics,605 Irwin Forest,East Mirandachester,KY,33540,+1-621-421-4614x7683,pending,2026-01-08
252,Steven Peterson,4235677826,Dermatology,960 Christian Shores Apt. 550,South Sarah,NM,41973,364-280-7279,active,2024-10-17
253,Jennifer Payne,2963533905,Orthopedics,44817 Gutierrez Knoll Suite 868,Danielburgh,NH,56650,(328)392-8664x649,active,2025-12-21
254,Matthew Jensen,6179817890,Family Medicine,3378 Wilson Walks Suite 157,Odonnellfurt,AL,49606,884.244.4630,active,2024-05-22
255,James Montoya,9552963863,Orthopedics,96262 Strong Path Apt. 631,New David,OK,51882,001-348-825-3110x60920,inactive,2024-05-29
256,Victoria Walters,5233438364,Cardiology,1209 Daniel Ranch,North Donaldview,MH,24176,817-353-6170,inactive,2025-05-01
257,Christine Barnes,5722402990,Oncology,5799 Eric Streets,Saraborough,PA,04374,+1-208-782-3513,pending,2024-08-20
258,Michael Martinez,4731584776,Orthopedics,42346 Brandy Trafficway Suite 237,Andradechester,PA,98422,959-419-6639x551,pending,2026-02-20
259,Dawn Ortiz,9856012562,Oncology,13552 Martinez Island Apt. 537,Rachelside,CA,51041,793-783-1849x1966,inactive,2024-10-02
260,Johnny Williams,4611729596,Oncology,040 Rhonda Haven,Port Tammy,AZ,70423,705.901.7164x45561,active,2025-08-01
261,Michael Gibson,1591030021,Pediatrics,632 James Valleys Suite 800,Nicoleton,DE,06792,714-459-6422x9712,pending,2025-11-12
262,Tracy Gutierrez,7188397745,Family Medicine,14415 Donna Street Apt. 117,East Alexanderborough,NH,50971,671.953.9885,active,2025-09-02
263,Ashley Anderson,5679836314,Oncology,49127 Julie Garden Apt. 724,South Dorothymouth,MI,35310,881-756-3268,active,2024-06-18
264,Brent Wong,6343629489,Pediatrics,610 Susan Forges Apt. 009,Johnside,CT,36606,596.466.1347,pending,2025-12-06
265,Dwayne Carlson,0128974325,Psychiatry,25720 Patterson Brooks,West Nicole,GA,89525,001-609-557-9073x71009,active,2025-05-29
266,Charles Davis,4577584745,Orthopedics,54589 Rodriguez Spur Apt. 263,West Tyler,IA,76206,001-665-731-3614x8782,active,2026-02-19
267,Jason Mcknight,4309859167,Psychiatry,1072 Becker Pike Suite 982,Tommyland,AS,39131,6702349107,active,2025-03-21
268,April King,5488214236,Psychiatry,3075 Lisa Route,Hendersonville,MH,34744,594-629-6592x3426,pending,2024-12-19
269,Timothy Murray,2661287585,Neurology,6766 Johnson Points Apt. 612,Kristinshire,NY,49405,(298)994-0626,inactive,2025-12-22
270,Julia Brown,0415914975,Oncology,98038 Anna Park,East Patty,SC,20787,340-579-3110x2918,pending,2024-10-07
271,Ross Wallace,0146723849,Psychiatry,916 Daisy Ferry Apt. 328,South Timothy,LA,87996,897-854-6617,active,2024-08-27
272,Bryan Price,9409705277,Psychiatry,25883 Orr Pine Suite 812,West Diana,OK,44972,624.446.1767x929,inactive,2025-10-03
273,Lauren Silva,6100231177,Dermatology,31266 Bryan Glen Apt. 017,Catherinetown,HI,42595,976-929-8334,active,2025-09-19
274,Patrick Hamilton,8319013020,Dermatology,9815 Faith Stream Suite 339,Masonstad,RI,73730,(617)366-1912,pending,2024-08-05
275,Kyle Rivera,3446512418,Psychiatry,984 Montgomery Plains,New Thomasview,SD,04430,7562435023,pending,2024-10-30
276,Travis Strong,0516991872,Orthopedics,010 Romero Run Suite 674,North Sarah,AK,26213,+1-496-808-7066,inactive,2025-10-05
277,Ashley Wilson,9553560331,Psychiatry,68900 Lisa Club,East Samuelport,AZ,41674,(593)942-9671x114,active,2025-10-08
278,Stephanie Trevino,7458438458,Dermatology,56974 James Dam,West Judy,IL,16589,(820)637-7107x044,active,2026-01-05
279,Douglas Lynch,7066703362,Dermatology,040 Pineda Rest Suite 493,West Jessicachester,VI,56540,001-401-886-4876x9984,inactive,2025-04-17
280,Cynthia Velez MD,4138459609,Neurology,4490 Kurt Shore Suite 427,Smithtown,NH,05351,(378)936-0914x985,pending,2024-09-19
281,Desiree Booth,2322903102,Cardiology,508 Bruce Station Suite 405,New Jimmyville,CA,66946,618.413.3595x616,active,2024-05-29
282,Heather Hester,5749025042,Pediatrics,93588 Case Lane,Lake Jessicafurt,WV,85594,313-298-9868,active,2025-07-28
283,Kelly Stewart,3943535375,Oncology,376 Miller Points,West Denisebury,NV,55400,692.683.6929,pending,2025-01-15
284,Jason Wagner,2973270216,Pediatrics,712 Mary Burg Apt. 128,Strongstad,DC,53233,001-383-741-5599x910,pending,2026-04-05
285,Lynn Yang,6472298120,Orthopedics,765 Thompson Stravenue Suite 134,Petersonshire,NC,69339,001-286-545-6522,active,2025-03-21
286,Shawn Edwards,5421447732,Oncology,9134 Cody Plaza Apt. 090,North Tracy,GU,03879,(934)896-7827x411,inactive,2025-05-06
287,Chad Ramirez,1513152854,Neurology,815 Ryan Squares Suite 380,East Derrickfurt,VI,29364,+1-234-872-7274x23183,pending,2024-06-29
288,Christine Thompson,6496935782,Psychiatry,47769 Daniels Hill Apt. 314,Montesmouth,IA,87325,(212)675-1562x77963,inactive,2024-11-22
289,Samuel Ortiz,8545667664,Family Medicine,7350 West Forges,New Jamie,SC,14960,+1-395-229-8006x155,active,2025-05-25
290,Craig Moore,8634255638,Oncology,00818 Moody Canyon,West Kevin,IN,83280,001-230-241-6624x11186,inactive,2025-11-04
291,Tamara Davis,9639456804,Family Medicine,3149 Bennett Meadow Apt. 368,Timothyside,NY,32563,(907)765-8173x9063,pending,2025-04-24
292,Eric Thomas,1182379312,Oncology,789 Brian Park Suite 645,North Marc,OK,78977,(304)338-7875x35778,inactive,2025-03-18
293,Cameron Smith,8123710672,Family Medicine,86604 Ryan Hill Suite 859,Anneburgh,FL,38537,939.258.9477x35228,inactive,2024-12-29
294,John Holder,0433187510,Dermatology,215 Michael Bridge Apt. 446,Michaelfurt,KS,74047,+1-631-392-1342,inactive,2024-08-11
295,Maria Reyes,9994973203,Oncology,92227 Marcus Center,New Lindsay,NE,87643,754.381.3866x6754,pending,2026-02-15
296,Tina Dougherty,4268774186,Orthopedics,05756 Christina Wells Apt. 652,East Scotthaven,ID,01236,001-645-215-4809,inactive,2025-08-27
297,Jennifer Forbes,4409079772,Orthopedics,810 Johnson Station Apt. 221,Flowersville,AR,58615,+1-705-218-4390x5529,inactive,2026-03-29
298,Ryan Caldwell,1382412704,Oncology,862 Larry Points,Davidmouth,OK,91765,797-211-1212,inactive,2025-11-22
299,Claudia Brooks,1343240642,Family Medicine,95633 Stephenson Fall Suite 474,South Michaelstad,MI,84626,772.609.6289x36543,inactive,2024-07-16
300,Deanna Mcdonald,0182727955,Neurology,905 Crystal Ways Apt. 267,Matthewville,HI,47425,927-582-0797x9966,pending,2024-11-11
301,George Gregory,4038166496,Oncology,82498 Stephanie Port,East Elizabeth,WY,07552,442-557-6270,pending,2026-02-15
302,Bobby Young,3613285072,Pediatrics,78637 Guerra Squares Apt. 162,Kathrynberg,MO,43376,569-768-1579x0392,inactive,2025-01-30
303,April Greene,6132730346,Pediatrics,6262 Collins Spring,Johnsonchester,HI,21936,(881)971-5160x2529,pending,2024-05-19
304,Meagan Henderson,0464197857,Family Medicine,512 Schmidt Lights Apt. 205,Jamesmouth,NE,06863,740.617.7509x546,inactive,2025-11-22
305,Derek Carter,6075409150,Family Medicine,21812 Cynthia Meadows Suite 579,Port Rebecca,VA,69124,001-370-815-5029,active,2025-05-20
306,Gail Walsh,4660241613,Oncology,9883 Nicholas Mountains Apt. 642,Walterton,PA,52755,(644)606-3062,active,2025-04-14
307,Madison Davis,3053194979,Psychiatry,958 Alvarez Point Apt. 555,Lynnberg,NH,97831,338.526.4609x1785,active,2025-11-08
308,Elizabeth Potter,7702992959,Family Medicine,0487 Nicholas Plain Apt. 691,South Jefferyville,OK,38426,(626)786-5369,inactive,2025-11-25
309,Mary Mcdaniel,5888636774,Oncology,26408 Hines Shoal Apt. 169,Mccannchester,ID,83917,8932299819,inactive,2025-01-03
310,Keith Kennedy,1509688327,Orthopedics,327 Marcus Hill Apt. 039,Stevensmouth,IA,23684,981.895.2371x006,inactive,2024-07-01
311,David Baldwin,1980770460,Neurology,8761 Dustin Greens Apt. 256,Donaldbury,WY,63755,741.651.7734,inactive,2025-09-26
312,Jerry Scott,4902284035,Oncology,442 Alvarez Mill Suite 222,Micheleview,SC,30374,8399429045,inactive,2025-08-06
313,Gregory Moore,8585672872,Oncology,0153 Clark Drive Suite 913,Victorshire,PW,84208,3836350615,inactive,2025-06-19
314,Natalie Salas,0798334233,Cardiology,09484 Julia Street Apt. 284,East Jeremyshire,WV,76689,571.380.5137x1717,inactive,2025-06-11
315,John Hudson,9617399704,Family Medicine,472 Hunter Passage Suite 448,West Joshua,OH,66438,871-627-0587x7221,pending,2024-07-19
316,Grace Mcdaniel,2313348458,Family Medicine,49392 Moore Trafficway Suite 229,West Sue,NJ,86155,+1-764-934-7452x455,inactive,2024-12-22
317,Pamela Smith,6065274033,Orthopedics,5056 Nguyen Points Apt. 398,Gatesville,CA,32369,(657)897-0673,pending,2024-06-23
318,Grant Medina,7417215622,Cardiology,381 Sanchez Ports Suite 884,East Kelseyland,VI,92153,001-555-673-2573x755,pending,2024-11-13
319,Allison Wilson,6667080850,Family Medicine,85874 Walters Street Apt. 918,New Erichaven,PR,11999,001-479-731-6477,active,2024-07-03
320,Gina Rose,6069409600,Orthopedics,6243 Patel Shoal,Port Lorraine,MI,94204,001-223-423-4210,active,2025-06-09
321,Erin Stewart,3334264335,Family Medicine,71607 Omar Mission,Rossborough,WI,50374,001-511-328-9812,pending,2026-03-29
322,Heather Cowan,6331857481,Pediatrics,06661 Ward Inlet Apt. 643,Lake Dawnfurt,FM,62283,4454023290,active,2024-08-21
323,Andrew Carlson,3459626228,Pediatrics,251 Anthony Ford,Richardstad,PW,35258,+1-850-405-0702x608,inactive,2024-09-03
324,Steven Davis,1177687290,Cardiology,7425 Krueger Skyway Apt. 779,East Jeffrey,DC,19191,611.464.9133,pending,2025-10-26
325,Michael Murray,9889425652,Orthopedics,603 Alexis Roads,Port Lauraburgh,MO,42775,5979753967,inactive,2025-08-08
326,Autumn Ramirez,8552457871,Dermatology,415 May Plains Apt. 137,North Andreaport,DC,46064,576-781-8268x3230,inactive,2025-05-30
327,Kristine Schmidt,0858382521,Pediatrics,932 Garrison Harbors,South Kennethhaven,MT,62962,352.240.1484x399,pending,2025-11-14
328,John Martin,3626693351,Cardiology,2619 Jamie Divide,Kathleentown,SC,15874,348.719.7374x18972,active,2026-02-09
329,Amanda Massey,4176927438,Dermatology,99537 Fisher Route,Port Kaylaview,MH,33487,+1-585-864-5101x7397,active,2025-09-09
330,Richard Erickson,8996986091,Family Medicine,113 Carpenter Station,Ochoaton,MI,85316,779.380.6603x920,inactive,2024-12-10
331,Allen Bryant,4555347057,Oncology,38856 Norman Extensions Suite 155,West Maria,CT,95127,965-797-2634,inactive,2025-01-12
332,Isaiah Moore,2501394884,Orthopedics,9131 Jennifer Wells,Phelpsberg,VT,45086,+1-356-726-1499,active,2026-05-11
333,Andrew Kelley,4073333732,Orthopedics,3097 Perry Plaza,South Jacob,NC,76640,(396)445-4655x3585,active,2025-01-01
334,Michaela Pope,9218785193,Dermatology,837 Andrews Center Suite 977,Brownburgh,AK,73895,280.957.2151x494,pending,2025-03-21
335,Brandi Foster,7484539862,Cardiology,90591 Christina Pines Suite 233,Port Howard,SD,65378,001-415-311-6966x6725,pending,2024-12-24
336,Jeffrey King,1246335157,Family Medicine,409 Tina Circle,Codytown,NC,02149,4565409951,inactive,2025-08-19
337,Mr. William Davis DDS,2959272827,Oncology,081 Donovan Coves,Feliciashire,NC,22440,873-992-9578,pending,2026-04-01
338,Ana Sanchez,2373605079,Neurology,158 Sherman Row,West Luke,NV,26458,866-666-1707x1587,active,2025-05-09
339,Donna Sutton,0803149982,Neurology,080 Tammy Lights Apt. 580,Rodgershaven,PR,23869,250.231.7235x13739,active,2026-03-16
340,Michael Glass,0352635602,Oncology,394 Becker Station,Jamieview,MT,90977,2668643749,inactive,2024-06-10
341,Betty Norris,1112712852,Cardiology,648 Mitchell Port Suite 116,North Angela,NM,26818,(880)477-1130,inactive,2024-07-11
342,Andrea Graham,5727908335,Neurology,025 Weeks Keys,Gonzalezton,MO,50312,(248)913-2357,pending,2024-06-30
343,Joseph Hawkins,2850116880,Psychiatry,550 Rachel Spur,North Patrick,OK,08157,(891)930-9810x7964,pending,2026-03-07
344,John Wright,7727853242,Pediatrics,2506 Thomas Mount Suite 836,Port Courtney,IL,53689,(567)577-6755x56283,inactive,2025-10-13
345,Tiffany Daniel,9578654362,Pediatrics,87496 James Junction Apt. 686,South Andrew,IL,51090,001-824-792-6932,pending,2025-04-18
346,Bianca Velazquez,5998011100,Dermatology,1553 Susan Inlet,West Cindymouth,OR,59039,852.444.1822x2618,pending,2025-06-25
347,Melissa Campbell,3127102676,Psychiatry,09579 Seth Brooks Suite 955,West Caseyberg,RI,39836,+1-862-413-5415x97099,inactive,2025-02-01
348,Jose Hendrix,0752034476,Oncology,47158 David Road Apt. 904,Gonzalezfort,MS,51408,4467558665,pending,2025-10-18
349,Katherine Adams,7158102131,Dermatology,1293 Michelle Branch,Lake Lindsayland,FL,76883,+1-275-819-1023x1211,inactive,2025-12-10
350,Anthony Miller,5837379274,Orthopedics,2801 Terri Greens,New Barbara,ID,92247,613-825-3269,active,2025-05-16
351,Jeffery Summers,3804421017,Dermatology,096 Emily Stravenue Suite 015,Helenland,OK,34899,001-457-257-5747x5833,inactive,2025-09-28
352,Spencer Nguyen,6777226602,Orthopedics,2650 Moody Shore Apt. 292,North Allen,NJ,20148,953-907-6248x433,inactive,2025-03-23
353,Caitlin Costa,0511579423,Oncology,67042 Mccoy Spur Suite 919,New Julian,VA,49437,001-725-597-1075x633,inactive,2026-03-07
354,Madison Winters,7485953259,Family Medicine,993 Tracy Mountains,West Williamville,MS,98830,(395)918-7794,inactive,2025-02-19
355,Randy Joseph,5073305597,Neurology,5759 Madison Rue,New Cassie,LA,96631,6386843660,active,2024-10-07
356,Allen Schneider,6157276829,Psychiatry,1474 Jasmine Motorway Suite 292,Stephanieville,AR,43300,+1-775-825-6806,active,2024-09-18
357,Paige Schneider,5990802711,Neurology,18231 Compton Junction,South Matthewland,NM,53003,+1-908-466-2813,inactive,2024-08-03
358,Debbie Allen,8003700332,Neurology,556 Smith Track,Travischester,OH,09408,7393033970,inactive,2025-07-10
359,Steven Martin,3280944858,Dermatology,39453 Hurst Lock Apt. 470,Morrisonhaven,WI,53675,621.506.1339,pending,2026-02-18
360,Heather Brown,3943804032,Family Medicine,76576 Samantha Neck Suite 319,North Melissaton,PR,01970,804-776-9210x533,pending,2024-07-05
361,Alex Townsend,1424731072,Orthopedics,13798 Nelson Squares,Brownberg,IL,09041,(660)607-6762x0901,active,2025-10-18
362,Derek Lambert,3370096873,Orthopedics,5195 Hoover Plains,West Donna,MN,95685,+1-782-955-6296,pending,2026-04-29
363,Brittany Chambers,7865619425,Oncology,778 Pamela Junctions Apt. 958,Port Lauren,DC,27477,001-661-461-8808x190,inactive,2025-11-02
364,Rachel Burns,5586863956,Orthopedics,72308 Tyler Cliffs,Johnfurt,ME,27927,+1-413-300-0413,pending,2024-06-28
365,Bryan Duffy,6094565346,Psychiatry,990 Rowland Parks Suite 504,Callahanfurt,WV,71151,001-316-399-5706x07174,pending,2024-11-06
366,Lynn Davis,6539705487,Psychiatry,610 Brittney Spring,New Seanhaven,HI,61210,696-480-4918x727,inactive,2024-06-09
367,Jessica Mcdaniel,1377306260,Family Medicine,35973 Stokes Crescent Apt. 222,South Tylerchester,AK,93353,658.716.7046x86111,active,2025-04-22
368,Dana Reilly,2102192378,Dermatology,471 Brandi Crescent Apt. 332,Deanfurt,AL,49241,6804184980,active,2024-12-30
369,John Lewis,7773126881,Oncology,282 Tim Cliffs,East Courtney,MT,82502,(834)960-6056x035,pending,2025-07-28
370,Nicole Anderson,9862398471,Orthopedics,061 Janet Trail Apt. 054,Campbellmouth,ME,70662,+1-454-978-7698x999,inactive,2025-01-12
371,Vanessa Patel,9144449835,Neurology,93543 Holmes Loop Suite 496,Port Chloe,WY,18756,001-543-558-8537x98214,inactive,2025-07-22
372,Gail Clay,7536749785,Neurology,9141 Li Lock,North Jacobview,NM,60107,+1-894-989-6340,inactive,2025-07-20
373,James Wilson,2150014188,Neurology,16309 Alejandro Junction Suite 463,East Christine,OK,99031,585-232-0895x326,inactive,2026-04-08
374,Patrick Irwin,4711363379,Psychiatry,34103 Graham Wall,Griffinbury,CT,11248,(777)726-9608x43768,inactive,2024-05-26
375,Jasmine Ramos,3521962633,Dermatology,6434 Nicolas Wells Suite 093,South Jennifertown,MS,75429,(556)607-6761x645,inactive,2025-02-02
376,Karen Jackson DVM,8983065031,Orthopedics,98041 Chavez Hill,Port Ryan,VI,24883,264.428.1319,active,2024-12-07
377,Jay Jackson,0391114281,Orthopedics,522 John Branch Suite 248,New Williamton,MO,18189,(607)922-3959,inactive,2024-11-06
378,Brian Wright,9016204787,Cardiology,868 Hayden Pike Suite 996,Alexandrachester,GA,66450,620.731.9541x9666,pending,2024-05-28
379,Dr. Daniel Hampton,2792463203,Pediatrics,7677 Khan Mountain Apt. 603,Lake Sandra,LA,49526,9572661945,active,2026-03-24
380,Karen Gomez,3482012840,Orthopedics,385 Shane Isle,Reedmouth,LA,48731,3894177680,pending,2026-03-23
381,Matthew Gonzales,4223196463,Psychiatry,40236 Robert Views,South Amy,KS,28106,4129047137,inactive,2024-08-02
382,Robin Cooper,5749885582,Dermatology,330 Webb Isle Suite 760,Laurieview,CT,19895,+1-733-837-2188,active,2025-11-04
383,Gary Miller,2971506662,Orthopedics,0551 Young Overpass Suite 936,Atkinsonport,IA,80529,(352)395-9611,inactive,2025-12-14
384,Joshua Vasquez,1200720245,Orthopedics,910 Patricia Isle Apt. 091,New Aaronborough,WY,22774,(971)649-4981x9421,inactive,2024-09-03
385,Kayla Crawford,3406527758,Pediatrics,6634 Clark Mountain Apt. 201,New Nancyberg,CT,59341,(821)845-5937,inactive,2024-08-08
386,Terri Arnold,9437052635,Family Medicine,04627 Barrett Locks,Shannonmouth,WA,93219,(559)920-2461x75202,pending,2026-04-10
387,Michelle Butler,0559550178,Pediatrics,25848 Preston Ramp,South Kayla,VA,05668,398.948.7045x069,inactive,2026-01-07
388,John Wilkerson,9359374403,Family Medicine,4083 Jeffrey View Suite 360,Williamsland,AS,36366,+1-586-608-4907,active,2025-12-01
389,Tammy Price,5283061537,Dermatology,24244 Martin Meadow,Lake Frank,CT,38351,988-711-2103x1421,pending,2024-08-07
390,Penny Marshall,1794151526,Pediatrics,409 Victoria Estates,West Ethan,GU,90879,+1-837-550-5661,pending,2024-09-10
391,Karen Willis,1378765530,Psychiatry,3095 Vanessa Landing,Roberttown,MD,61250,921-998-8192,active,2025-06-19
392,Pam Wilson,0534864010,Family Medicine,246 Juan Vista Suite 185,South Kyleport,MT,03480,3457212899,pending,2024-08-01
393,Patricia Flores,1293913044,Dermatology,898 Escobar Shoals,Craigfurt,WV,05840,261-954-0211x9017,inactive,2025-12-23
394,Brian Moore,8315229107,Psychiatry,228 Veronica Avenue,Barbaraborough,NM,72271,706.439.6384,inactive,2025-03-02
395,Susan Roberts,3916497016,Neurology,429 Lisa Prairie,Lake Johnton,IN,33268,001-801-362-3419x0310,active,2025-01-15
396,Charles Wong,1556684732,Family Medicine,5337 Avery Mews,West Aaronmouth,GA,08549,6786436142,inactive,2024-09-17
397,Kara Farmer,1975437347,Psychiatry,2737 Andre Freeway Suite 638,North Joseph,MN,68924,614-584-6019x134,active,2025-11-15
398,Kristi Austin,8278020586,Cardiology,73214 King Unions Suite 936,Codyfort,RI,26226,950.555.7385,inactive,2025-03-21
399,Melissa Garcia,2360376811,Psychiatry,233 Nathan Camp Suite 096,West Dawnmouth,MH,27906,553-291-1498,active,2025-04-23
400,Christopher Todd,0736511893,Family Medicine,65578 Anthony Court Apt. 432,East Joan,VA,24014,433.224.7073,active,2024-08-05
401,Christina Burton,4621276025,Pediatrics,261 Kathy Forest,East Robertchester,IN,92210,(448)588-9957,pending,2026-04-08
402,Levi Norton,4549303646,Dermatology,91203 Ann Locks Apt. 082,Port David,PW,07153,798.413.8815x88144,active,2026-01-06
403,John Massey,2318297168,Orthopedics,572 Haney Junction,North Kathytown,WI,87648,001-900-715-2911x371,active,2024-06-21
404,Tracy Johnson,2556184442,Oncology,299 Mitchell Pike,East Gregoryport,NY,81982,2562708670,pending,2024-05-13
405,David Reed,5158482669,Orthopedics,62483 Wood Causeway,Kyleburgh,WY,76106,(908)707-0633x6998,pending,2025-12-06
406,Marcus Fields,8221040164,Oncology,804 Hayden Row,New Stacy,NM,33139,636.438.1643x21269,inactive,2025-05-27
407,Mary Parker,4203625863,Psychiatry,4170 Carter Roads,Moorestad,WV,38592,5262355824,inactive,2025-09-11
408,Eric Conner,4898803153,Oncology,5279 Emily Junctions,West Gloriaton,PR,38692,733.335.3849,inactive,2025-02-23
409,Charles Garcia,1978718093,Family Medicine,137 Dennis Row,Yvonneton,FM,53801,9118987561,pending,2025-12-01
410,Kelly Smith,2300915618,Cardiology,803 Cook Route,Bakerport,GU,78629,460-293-6595,active,2024-07-05
411,Rhonda Pitts,9418433687,Orthopedics,92632 Shelly Rest Apt. 137,Matthewchester,CA,12589,904-828-8605x053,inactive,2025-03-20
412,Natasha Stone,1126003083,Cardiology,6910 Moore Motorway Apt. 531,Port Jeffery,MH,45135,(406)588-2691x776,active,2026-04-30
413,Donna Mccarty,1348087354,Orthopedics,8826 Jason Rue,Christinaville,AR,13932,+1-457-209-0859x91449,active,2025-10-15
414,David Aguirre,6999699648,Cardiology,84285 Walsh Port Apt. 259,West Andrewhaven,FM,41080,001-493-823-1234,active,2025-03-02
415,Teresa Russell,0872617607,Family Medicine,348 Abigail Forges,Elizabethstad,SD,32477,228.404.0561x29965,inactive,2025-03-03
416,Kimberly Thomas,4186965613,Psychiatry,761 Katie Valley,Ashleyville,KS,25672,001-546-282-3948x40027,pending,2024-05-15
417,Jessica Myers,6101683113,Psychiatry,01680 Miller Roads Apt. 507,Ayalahaven,ID,76845,662.805.3440x777,inactive,2024-09-06
418,Joann Taylor,6629250817,Family Medicine,0299 Kayla Greens Apt. 688,Carlosborough,ID,27064,331.925.5235x617,active,2024-05-18
419,Stephanie Martin,1192061363,Dermatology,77895 Martinez Forge Suite 184,Josephton,VA,22612,001-850-626-4801,pending,2024-12-05
420,Jesse Fleming,1678127782,Dermatology,02179 Curtis Fields,Aprilchester,GA,75542,+1-557-397-3638,pending,2026-01-20
421,Michael Flores,0539707986,Psychiatry,177 Richard Parks Apt. 682,West Kathyfurt,ND,19326,722-235-5216,active,2025-11-30
422,Jillian Garcia,4692182192,Orthopedics,679 Angela Place Suite 369,Kristatown,GA,17130,6504938694,inactive,2024-12-14
423,Sarah Lynch,8114578870,Orthopedics,52386 Myers Flat Apt. 097,Omarland,RI,08821,001-977-498-7682x9968,inactive,2026-01-12
424,Jose Gonzalez,0858062350,Cardiology,56695 Carroll Burgs Apt. 248,Port Julie,PR,49591,642-486-7963x259,pending,2025-08-20
425,Brandi Patel,9463389156,Orthopedics,1528 Bowen Orchard,West Paul,OK,23026,(893)735-8951x3818,pending,2025-02-02
426,Katherine Baker,6850957443,Pediatrics,49189 Sara Creek,Georgeburgh,AR,26603,959.334.0153x64154,inactive,2025-01-04
427,Brian Daniel,5936781367,Pediatrics,09421 Clements Turnpike Apt. 052,Reyeshaven,DE,91737,001-687-780-9270,active,2024-08-13
428,Kelsey Gates,5622586605,Family Medicine,8744 Devon Squares Suite 854,Jessicachester,MN,42093,001-294-428-2491x165,active,2026-03-23
429,Andrew Moore,4539313215,Dermatology,30557 Aimee Roads Suite 821,Kevinhaven,NC,81360,(469)297-2736x7746,pending,2024-08-13
430,Victoria Padilla,5431832812,Dermatology,23920 Hanson Circle,Rodgersland,NC,32580,(347)923-8750x82768,inactive,2024-09-17
431,Gregory Marshall,4584726290,Cardiology,91876 Jessica Lock Apt. 827,Lake Taylorland,NH,90610,437.439.9205,inactive,2024-09-01
432,Susan Lewis,6216591438,Dermatology,25539 Luke Inlet,Robertfort,VA,84990,973.326.4309x544,pending,2024-09-19
433,Roger Valencia,7029271205,Oncology,978 Higgins Forest,Zimmermanmouth,DC,76467,+1-883-222-0125,inactive,2025-06-15
434,Stephen Baker,8797888975,Psychiatry,585 Joel Place,Glasston,ID,02773,443-561-9951x715,inactive,2026-02-07
435,Tanya Davis,2929501437,Cardiology,830 Rhonda Ports Suite 713,Davisville,FL,52643,9224132176,pending,2024-06-19
436,Nichole Davis,1661220190,Family Medicine,58733 Benjamin Ports Apt. 665,New Alexander,HI,60183,+1-448-712-4211x4086,inactive,2026-01-29
437,Erin Taylor,9462093556,Neurology,039 Anderson Square,Colonville,IN,59972,724-836-5858,pending,2024-12-21
438,Christy Johnson,1202706159,Dermatology,3874 Gabriel River,South Jenniferland,NE,56363,001-706-732-2481,active,2024-11-17
439,Samantha Cohen,0340301095,Cardiology,9756 Dean Land Suite 955,Ronaldburgh,IA,33436,312.247.6010x8018,active,2024-10-09
440,Nancy Gutierrez,3176417268,Family Medicine,081 West Drive,Port Jennifermouth,VT,08470,713.380.6713x073,pending,2026-04-19
441,Donna Booker,4743621300,Dermatology,58857 Warner Ranch Suite 703,New Adamborough,TN,26763,+1-362-574-6662x159,pending,2026-01-08
442,Karen Johnson,4666145901,Family Medicine,79771 Johnson Summit,Brendaside,WI,72857,494-290-5315,active,2024-11-13
443,Amanda Lawrence,9769873137,Psychiatry,166 Garcia Light Apt. 237,Stephaniefort,NJ,75345,333-925-6238x994,pending,2025-12-21
444,Rodney Baker,6203708782,Psychiatry,60204 Melissa Plains,East Mikeshire,NY,78550,397.821.1708x89480,inactive,2026-02-23
445,Charles Chang,7588397857,Pediatrics,200 Fernandez Manor,Floresland,MP,24071,469.914.9611,pending,2025-09-15
446,Rebecca Greene,6882769704,Oncology,531 Conway Corners,Rodriguezchester,AZ,65297,+1-832-774-8835,pending,2024-07-28
447,Lauren Trevino,6240964966,Psychiatry,496 Joseph Pass,Edwardmouth,AL,20548,+1-851-662-2593,active,2025-06-11
448,Jonathan Berry,3486883906,Psychiatry,6728 Guzman Cliff,Johnsonland,CO,39809,831-393-5923,inactive,2024-10-28
449,Jason Smith,2304588165,Oncology,54472 Martinez Court,Stewartton,VI,25830,001-444-609-6617x718,inactive,2025-07-19
450,Kimberly Williams,8067821417,Neurology,8135 Samantha Road Suite 486,Lake Theresa,MO,91789,+1-687-748-6941x559,pending,2025-12-19
451,Caleb Taylor,9207536051,Cardiology,1603 Clark Island,South Theresa,SD,16985,989-245-5906,active,2024-06-15
452,Marisa Turner,2489420466,Neurology,896 Jimenez Causeway Suite 642,Port Krystalport,MD,56021,(277)858-0974x533,inactive,2024-08-14
453,Jaclyn Lindsey,6226540165,Psychiatry,00622 Gregory Hill Apt. 767,Collinsberg,WV,41920,+1-616-801-1241x158,inactive,2026-05-07
454,Tanner Herrera,1798677823,Oncology,99570 Griffin Stravenue,Sparksburgh,SC,56205,921-720-3843,pending,2024-10-24
455,Kevin Cruz,8078525482,Family Medicine,18385 Cox Terrace Suite 006,Kevinstad,LA,85987,952.331.1232x748,inactive,2025-04-05
456,Jennifer Clark,4272038862,Cardiology,5080 Catherine Loaf,Port Bobby,MA,94185,+1-730-569-3588x2493,inactive,2026-02-14
457,Scott Boyer,1816778481,Dermatology,2444 Green Meadow Apt. 838,Haleyfort,PA,81705,478.910.5391,inactive,2026-04-13
458,Dawn Ryan,6999698829,Cardiology,5792 Garcia Villages,Beckerview,MS,30981,5195864242,inactive,2025-07-18
459,David Bradley,1218706293,Family Medicine,809 Gary Crossing,Port Darylburgh,IN,23534,2012867661,pending,2025-05-17
460,Megan Grant,7610814356,Psychiatry,0384 Santos Row,New Williamton,WY,63754,268-523-5469x510,inactive,2025-10-29
461,Joyce Walton DVM,0545967150,Family Medicine,6664 Charles Rue,Hendricksport,VI,11844,001-613-940-7851x699,active,2024-06-10
462,Holly Hoffman,3668348268,Neurology,69708 Amber Point Apt. 787,West Anthonyshire,NE,24173,(471)897-6093x201,pending,2026-02-14
463,Heather Sweeney,8982604180,Psychiatry,17558 Mata Crest Suite 774,Lake Juliefort,LA,50976,+1-421-818-8241x996,pending,2024-11-21
464,Larry Woods,8917045421,Psychiatry,457 Luis Tunnel Apt. 092,Port Molly,NM,00508,001-490-501-6356x407,active,2026-01-05
465,Sean Braun,8289540017,Orthopedics,47312 Jones Plains,Adamland,AR,46563,+1-901-319-5092,inactive,2026-04-28
466,Emily Simmons,0537092300,Pediatrics,69500 Scott Squares Apt. 894,Hollybury,AS,85155,(898)776-9893,inactive,2024-08-15
467,Tyler Miranda,6198273481,Psychiatry,104 Williams Knoll,Walkerburgh,CA,61878,635-874-8352x6806,pending,2024-06-08
468,Cory Kelley,4488384253,Psychiatry,462 Mark Center Suite 740,Wardmouth,MI,10994,(362)239-2090x855,active,2025-05-06
469,Monica Wade,9131117861,Family Medicine,54760 Gary Burg,Lovestad,PW,31146,441-820-1227x59500,pending,2025-11-17
470,Amber Flores,5325947950,Orthopedics,0717 Megan Mountain Apt. 595,East Elizabethland,AR,01775,(249)534-0391x0452,pending,2025-03-20
471,Melissa Wolf,1184913599,Pediatrics,553 Parks Junctions,North Michael,CA,04860,8672990069,inactive,2024-07-03
472,Jeffrey Baker,3784233944,Family Medicine,00677 Blake Vista Apt. 550,East Cynthia,MP,01949,673-365-4262,pending,2025-04-11
473,Kevin Burton,9233451100,Oncology,605 Adam Track,Dixonbury,AL,20354,616-767-3290,active,2026-04-11
474,Joyce Webster,9887592129,Orthopedics,2603 Robert Unions Apt. 027,Michaelburgh,CA,34033,270.492.0711x523,active,2024-09-26
475,Carol Holland,9215818970,Psychiatry,161 Wesley Forest Suite 588,Lake Briannamouth,OK,98755,572.316.8800x537,active,2025-06-15
476,Tommy Romero,9728454018,Pediatrics,72002 Christina Plain,Lake Sara,IN,18231,+1-820-741-4474x32811,inactive,2025-07-06
477,Meredith Nunez,0203042322,Dermatology,5213 Robbins Canyon Apt. 816,Oliviachester,KS,52388,700.859.3777,pending,2026-03-02
478,Joshua Anderson,1029161746,Dermatology,98310 Wright Streets,Carlfurt,MO,21761,(291)731-6708,inactive,2025-03-03
479,Tracy Butler,6706362198,Psychiatry,5049 Maxwell Tunnel Suite 407,Myersborough,TX,40631,+1-533-496-5049x627,inactive,2026-01-19
480,Jeffrey Flowers,1424362585,Orthopedics,218 Amanda Park Apt. 962,Lake Larry,GU,93721,599-464-3385,inactive,2025-10-19
481,Diane Murray,2505833343,Pediatrics,311 Charles Pines,Sullivanstad,VA,35507,(576)794-7576x945,inactive,2026-04-17
482,Justin Ritter,4669861634,Orthopedics,25450 Ashley Villages,Williammouth,HI,52811,+1-225-959-6647x213,pending,2026-02-06
483,David Frank,9142614048,Pediatrics,26145 Lewis Valleys,South Ashleybury,TN,60518,410.408.1785,active,2026-03-23
484,Nicholas Griffin,8452354268,Dermatology,4701 Lee Estates Apt. 865,East Rebecca,NH,59872,(296)365-6337,inactive,2024-11-30
485,Ronald Buckley,5278105580,Neurology,27221 Lopez Mountain,North Ronald,PA,39969,291.536.8172,pending,2024-08-07
486,Gregory Fletcher,8620929735,Dermatology,595 Renee Drive,East Danielle,WI,58525,793.989.9204,active,2025-09-28
487,Rachael Walker,5323661850,Dermatology,1087 William Loaf Suite 182,South Benjamin,AL,64908,426-315-8388,pending,2026-04-15
488,Riley Mccoy DVM,4846735742,Dermatology,32228 Cynthia Throughway,Jonberg,MI,73929,+1-292-822-5606x29535,pending,2024-11-04
489,Rachel Mendoza,3118046741,Psychiatry,75384 Denise Islands,North Pamela,CA,29304,001-762-660-8463x97561,active,2025-12-10
490,Fernando Carroll,2151641195,Psychiatry,4091 Vargas Forest Suite 787,Lindaton,NJ,00570,(904)326-2019,pending,2024-08-18
491,Brittany Jones,3936967897,Psychiatry,98731 Ronald Orchard Apt. 192,South Denise,TX,04212,659.588.9786x533,inactive,2024-08-03
492,Randy Murphy,3089523120,Neurology,91505 Aguirre Groves,Annamouth,AS,37737,900.802.6876x4486,pending,2024-12-14
493,Jerry Collins,1636560450,Oncology,3553 Gonzalez Radial,Proctorshire,NE,81301,(877)511-9529,inactive,2024-12-31
494,Jacob Owens,0255128276,Neurology,4315 Hendricks River,Cherylstad,LA,54757,+1-863-545-4434x41491,active,2025-11-12
495,Michael Hodge,4974394640,Orthopedics,30958 Anderson Stream,Cummingsborough,OK,88189,+1-989-441-3210,pending,2024-06-24
496,Scott Gill,7548534655,Oncology,220 Alejandro Hollow Suite 964,Hickmanberg,VA,80577,590.902.5121,active,2025-01-09
497,Henry Mann,6359570861,Oncology,45843 Dominguez Locks,Walkerland,IN,71547,+1-450-234-2362,active,2026-01-28
498,Jim White,6310437968,Neurology,008 Page Divide Suite 690,Port Desiree,SD,87357,574.717.4304x3502,pending,2026-04-03
499,Robert Lynch,4665275233,Psychiatry,293 Derek Dale,Richardville,IL,27293,3303334677,pending,2025-09-13
500,Jesus Cantu,0762799553,Oncology,45301 Renee Street,Lisaburgh,IA,04307,242.302.8471,inactive,2025-04-08
501,Christopher Robles,4050764871,Pediatrics,754 Rodriguez Turnpike Apt. 406,Daniellebury,ND,58265,(272)758-1225,inactive,2025-02-16
502,Diane Scott,8237337912,Family Medicine,11018 Church Canyon,Lake Michael,UT,72957,(690)717-0740x39251,active,2024-09-18
503,Stephen Duran,7122276433,Neurology,20542 Daniel Fall Suite 549,Hornborough,PW,26099,001-908-733-4447x0488,active,2024-05-19
504,Robert Smith,5968519537,Psychiatry,9266 Ernest Wells Suite 634,South Samantha,NJ,42300,(725)392-0616,active,2024-08-22
505,Alyssa Wood,2294115630,Psychiatry,559 Hall Gardens,Barnettberg,SD,54057,(694)220-6615,active,2025-08-26
506,Anne Harris,1380049832,Pediatrics,122 Stephanie Extensions,West Karahaven,TN,15266,001-358-326-8687x640,inactive,2025-06-03
507,Joshua Price,4200629877,Pediatrics,58566 Bautista Locks Suite 196,East Kenneth,HI,15153,+1-626-422-1320x410,active,2025-08-01
508,Rebecca Rodriguez,7891179726,Psychiatry,812 Daniel Plaza Apt. 036,Ortizburgh,VT,00780,8055328538,inactive,2026-02-08
509,Mark Nguyen,2438380582,Neurology,299 Brian Locks Suite 276,Port Jeremy,PR,73352,789.363.3761,pending,2026-02-15
510,Susan Brady,6267136841,Oncology,32823 Jennifer Drives,Lake Amberhaven,VA,29835,(827)391-8750x677,pending,2025-08-29
511,Mark Wood,9208814319,Cardiology,9761 Hull Square,West Tarachester,OR,70393,+1-838-445-7202x6656,inactive,2025-08-01
512,Ronald Taylor,7349899255,Oncology,460 Rojas Dale,South Josephfort,FL,81417,(969)641-7996x70808,inactive,2025-09-24
513,Mr. Michael Jefferson IV,4183984167,Psychiatry,7853 Quinn Plain,South Kellyshire,ND,04165,245-409-2860x521,pending,2025-02-26
514,Amanda Ross,8900824845,Family Medicine,08898 Nancy Unions,West Timothyside,OH,31559,+1-797-241-8563x027,pending,2024-06-14
515,Michael Cortez,6199530564,Cardiology,493 Irwin Shores,Ryanshire,AR,66384,001-370-218-7260x01365,active,2024-10-26
516,Elizabeth Novak,2990674568,Dermatology,2406 Kristin Crossroad Apt. 559,Brennanberg,MD,56268,001-922-621-9053x34704,active,2025-04-27
517,Joshua Cohen,5593965213,Cardiology,0712 Cook Keys,North Gabriel,MP,78611,5034622117,inactive,2025-08-16
518,Christopher Barton,8839585585,Cardiology,94252 Garcia Crescent,Tracyland,NV,09225,6509805491,pending,2025-04-07
519,David Diaz,3524784171,Cardiology,497 Jordan Vista Apt. 053,Dixontown,IN,26090,483-861-1338,inactive,2026-03-26
520,Katie Preston,8152787304,Pediatrics,51521 Holt Lodge Suite 353,Burnetthaven,AR,13808,891.456.7344x67177,pending,2025-07-18
521,Timothy Benitez,3362999466,Dermatology,0999 Hannah Creek Apt. 898,Timothyshire,AK,70138,652.611.8968,active,2024-09-12
522,Donald Pace,8499795728,Family Medicine,5958 Sonia Streets Apt. 902,North Scott,OR,61155,001-289-712-4883x9717,inactive,2025-11-10
523,Sydney Baker,5143672868,Family Medicine,23038 Walton Vista,Port Christopherbury,RI,64947,+1-414-359-0099,inactive,2025-04-01
524,Jacqueline Hernandez,6693351588,Neurology,705 David Locks,Lake Julieville,OK,32106,001-410-738-2974,inactive,2025-01-21
525,Jeffery Berry,8581810450,Oncology,3736 Rebecca Square,Harrisfurt,DC,58155,735-589-6933,active,2025-12-15
526,Adam Cook,5615473156,Orthopedics,97925 Clarke Crescent Apt. 643,Huberton,TN,18067,737.572.7028x96660,pending,2024-12-12
527,Jamie Scott,1610197535,Oncology,4051 Jacob Points Apt. 273,West Douglaschester,IL,55842,(581)744-4718,pending,2025-12-12
528,Laura Andrews,0676490922,Pediatrics,874 Webster Keys Apt. 358,Taylorfort,DE,59943,630-568-8116x403,active,2025-07-16
529,Stephanie Hunter,3877583336,Pediatrics,7041 Jennifer Rapids Apt. 915,New Margaret,VI,55437,2286262542,active,2024-06-29
530,Shannon Hall,1905772044,Oncology,07941 Erik Landing,Port Andrea,CA,08299,+1-979-441-2248x709,pending,2025-11-06
531,Dr. Laura Harris,2517422404,Orthopedics,61189 Austin Inlet,Foxville,UT,50502,207.402.8672,inactive,2025-12-01
532,George Sparks,6621953689,Pediatrics,57795 Brian Park,East Matthew,AS,74305,9074397130,active,2024-09-05
533,Joshua James,0871672210,Psychiatry,4617 Ashley Plaza Apt. 707,Kirkchester,AR,19467,244.422.5216,pending,2025-01-16
534,Kevin Campos,2094477269,Dermatology,26551 Sandra Mountains,Millermouth,PA,39836,001-480-324-5598x5160,inactive,2024-07-27
535,Emma Conrad,9126864986,Dermatology,8686 Jason Light Apt. 088,Larryview,AK,67501,001-437-381-9190x7499,pending,2025-03-26
536,Jamie Mclaughlin,8369235348,Family Medicine,647 William Crest Apt. 986,Joshuaburgh,FL,94140,7212237205,inactive,2026-02-12
537,April Smith,8863467391,Dermatology,88991 Johnny Lodge,North Bethanyland,MS,74912,001-223-727-3798x97906,pending,2024-12-16
538,Tiffany Bender DVM,8674630009,Pediatrics,336 Pamela Stream Apt. 711,West Christopherside,SD,48916,001-345-782-9420x340,active,2024-10-06
539,Diamond Jenkins,7569994494,Psychiatry,7201 Andrea Grove Apt. 281,East Denise,NY,59055,+1-640-726-2085x817,inactive,2026-03-03
540,Richard Howard,3642357004,Dermatology,91828 Rodriguez Crescent,Maysburgh,WY,83279,659-804-6100x79230,pending,2025-03-05
541,Carl Allen,2710123296,Oncology,1204 Smith Street,Grahammouth,IN,96250,001-344-360-4227x63460,pending,2025-01-09
542,Jonathan Paul,3472435861,Dermatology,8225 Kara Crossroad Suite 267,New Philipchester,VT,51281,(662)624-1976x878,inactive,2025-04-21
543,Mary Lane,3500618489,Dermatology,2235 Cain Inlet Apt. 466,North Edward,MA,84019,(349)352-5492x06441,active,2025-09-13
544,Patricia Payne,1827306343,Oncology,948 Jennifer Pines Suite 968,South Richardtown,MI,13390,302-412-5434,inactive,2024-11-07
545,Michael Williams,9860372186,Cardiology,32031 Pierce Ramp,North Christopherview,AZ,02231,947.813.1719,active,2024-06-13
546,Stacey Todd,2590841947,Oncology,0113 Peterson Junction Apt. 107,New Allison,VI,58649,307.927.9037x16160,pending,2026-04-24
547,Steven Rhodes,9647718375,Neurology,76810 Lauren Plaza,Lake Jenniferside,MN,46624,480.302.4432x362,pending,2025-02-20
548,Willie Morrison,6857467067,Dermatology,69139 Terry Wells Apt. 150,Port Richardport,GU,19531,(510)370-3350x8424,pending,2025-08-07
549,Laura Roberts,4813004169,Dermatology,53021 Buck Lane,Cortezside,MS,92026,263-339-5348x1105,active,2026-02-13
550,Jonathan Green,2789615738,Oncology,1281 Velez Isle Apt. 239,Kathyfort,NY,13406,654-826-0972x36024,inactive,2025-11-16
551,Jacqueline Ramirez,7720517107,Family Medicine,87156 Fischer Orchard,South Elizabeth,AR,28879,675-343-8027,pending,2026-01-15
552,Erika Stevens,2602925468,Family Medicine,72884 Shane Meadow Suite 207,Vegaberg,NJ,09361,001-535-838-6762x592,pending,2025-10-20
553,Lisa Russell,0488693205,Psychiatry,40508 Thomas Ports Suite 159,Pattersonview,WI,01658,435-867-0789x77554,inactive,2026-01-22
554,Shari Allen,8422736273,Orthopedics,22271 Kathleen Village,Greerfort,NE,80028,771-362-0429,pending,2024-12-08
555,Jennifer Tran,0521690392,Neurology,26980 Wendy Grove,Lake Raymond,NM,10650,3688017703,active,2026-03-17
556,Richard Beasley,0049332672,Orthopedics,6931 Moore Harbors Suite 638,New Jeffreyshire,AZ,97682,(554)402-5998x5193,pending,2025-04-13
557,Peter White,1291635049,Dermatology,26676 Holloway Motorway Apt. 845,New Tracy,RI,98663,+1-795-807-0886x4067,pending,2026-01-19
558,Andrew Smith,1929022154,Pediatrics,044 Brenda Extensions,West Susan,IA,27539,(702)735-1025,pending,2026-01-24
559,Luke Daniel,5450369888,Cardiology,393 James Estates Suite 362,Andersonside,AK,45959,001-283-912-4412,pending,2025-12-02
560,Jenna Velez,9992012376,Family Medicine,77495 Moore Bridge,Whiteview,SD,12678,001-837-959-1922,inactive,2024-07-05
561,John Hall,6264752864,Psychiatry,20961 Stokes Forks Apt. 099,Lake Judy,ND,35704,324-603-2115x35505,active,2024-10-11
562,Ashlee Bowman,4308779724,Neurology,254 Eric Course Apt. 458,New Henrytown,ME,71637,870.767.6933x3299,pending,2024-07-19
563,Terri Martin,7846408585,Pediatrics,825 Page Neck,South Kristina,AK,97449,846.472.9254x35519,active,2025-06-21
564,Sean Smith,1825624728,Dermatology,94201 Laura Gardens Suite 149,New Alexander,AL,79863,001-266-727-0266x045,inactive,2025-03-21
565,John Mitchell,0039101933,Oncology,89222 Huff Course Apt. 936,Lake Brandontown,NC,19318,470.856.4616x076,active,2024-12-02
566,Michelle Gomez,0953723461,Orthopedics,2313 Kristin Crescent Apt. 944,South Kevinborough,VT,13495,(954)841-3727x7685,active,2026-02-23
567,Jennifer Schwartz,4942904617,Neurology,1887 Whitney Village Suite 999,East Kevin,HI,05898,(948)437-4441,pending,2024-10-18
568,Richard Flynn,8694790254,Dermatology,362 Hansen Canyon Suite 723,Grossview,CA,86069,6094538557,active,2024-07-16
569,Cynthia Deleon,9009378146,Dermatology,7614 Stanley Pike,Joshuamouth,AR,52429,001-861-387-5646x7263,inactive,2025-02-03
570,Michael Stone,8990027729,Dermatology,84507 Smith Freeway,Robertchester,AZ,44732,5332746983,pending,2025-02-24
571,Mary Johnson,6718222667,Neurology,90878 Murphy Parkway Suite 906,Waltonshire,MT,27285,428-498-7605x5049,active,2026-01-06
572,Amy Wong,8618670663,Psychiatry,16290 Lee Valleys,Port Mary,MP,81203,798-527-1826,active,2025-11-26
573,Brandon Mclaughlin,0864942694,Pediatrics,39831 Susan Hollow,North Justinshire,RI,55360,706.692.1958x730,active,2026-05-09
574,Tina Nelson,8843021781,Oncology,8066 Alvarado Springs Apt. 589,North Noahview,FM,76643,001-428-815-0370x1709,pending,2025-08-15
575,Shawn Harris,8808172628,Neurology,682 Whitaker Ville,Karentown,TN,03022,828.289.5927x411,active,2025-03-16
576,Ashley Greene,6127662080,Oncology,39170 Virginia Manor,Lake Rachel,KS,37281,435-296-2458x701,active,2025-10-30
577,Matthew Barrett,4253690912,Dermatology,5302 Hudson Lodge,East Chelseamouth,AL,17784,001-343-965-2405x53648,pending,2025-12-09
578,Diana Smith,3648821597,Cardiology,85466 Yolanda Crossroad Apt. 606,Romanhaven,MT,37686,001-412-259-4972,inactive,2026-04-06
579,Joseph Lopez,6992066617,Neurology,35699 Brianna Street Apt. 358,Grimesfurt,OH,67972,477.292.5604x134,pending,2025-05-28
580,Darlene Franklin,3153983912,Dermatology,0001 Evans Shoal,Spearsberg,MP,81364,001-914-730-4913x4103,pending,2024-08-30
581,Kimberly Anderson,9986564224,Oncology,9208 Jesus Village,North Ashley,NM,56419,(491)294-8962x98056,pending,2024-07-12
582,Danielle Mcconnell,7966186957,Neurology,404 Laura Inlet,Scottburgh,MD,30062,937-995-6100,active,2025-05-08
583,Angel Ewing,5036192025,Orthopedics,387 Jason Canyon,West Jessica,AS,39026,847-448-9047x6078,inactive,2025-11-28
584,Austin Schmitt,0765191708,Family Medicine,73289 Miller Knoll Suite 340,New Laurahaven,AL,45630,(381)815-7449x653,pending,2024-06-14
585,John Williams Jr.,3045418403,Neurology,18039 Long Estates,East Willieside,OH,52843,+1-840-678-8026x52951,pending,2025-09-28
586,Christine Harris,3562303974,Orthopedics,88067 William Rapids Suite 092,Lake Jenniferland,ND,95251,001-643-711-3266x115,pending,2025-06-25
587,Robert Allen,1196047220,Cardiology,97077 Cox Harbors Suite 708,Lake Paula,CO,58669,001-814-461-9953x94676,pending,2026-02-08
588,Gabriel Blake,6053026184,Psychiatry,57870 Rebecca Path,Williamston,MO,31500,3668360502,pending,2024-11-21
589,Joshua Martinez,3909120302,Dermatology,09452 Katrina Mount Suite 979,Jesseville,OK,85601,(960)709-8602,pending,2026-03-12
590,Taylor Stanley,4492054894,Oncology,3811 Crystal Crest Suite 558,West Olivia,PR,37593,001-756-862-2952x17970,active,2025-02-12
591,Robert Garcia,6248607047,Pediatrics,6023 Marsh Circles,Williamtown,CA,49582,701.873.1671,active,2024-06-19
592,Laura Brooks,2441339547,Family Medicine,64531 Benson Mountain Apt. 571,Port Dawnhaven,SC,75943,+1-866-346-9365,inactive,2025-06-19
593,Frank Lawson,4876805702,Psychiatry,771 Sanchez Avenue,New Jacobtown,PA,47671,(673)233-2973x23964,active,2024-09-23
594,Brandi Allen,2676992427,Cardiology,92385 Brandon Garden Apt. 091,Haleytown,CA,55981,+1-433-228-4423x471,active,2025-12-16
595,Dr. Scott Murphy,4526075699,Pediatrics,83100 Kramer Gardens,Lake Eric,WI,99901,(822)677-7733x16806,inactive,2025-10-26
596,Robert Smith,8503605952,Psychiatry,41074 David Park Suite 067,Williamchester,NH,55583,(859)506-2003,inactive,2025-12-20
597,Heather Bradford,6461497459,Oncology,931 Tina Square Suite 984,West Carolhaven,NE,05007,001-895-850-4932,pending,2024-12-13
598,Patrick Hester,4612128981,Pediatrics,9485 John Avenue,East Ginachester,WA,92121,(423)798-4742,inactive,2025-02-25
599,Jonathan Vasquez,8882237887,Cardiology,8416 Patrick Club,Lake Jennifer,OK,84706,(864)979-9846x058,inactive,2025-08-09
600,Rebecca Lee,8309723610,Oncology,261 Morales Avenue,South Marcusmouth,VA,59433,+1-486-645-7865x55751,inactive,2025-04-19
601,Adam Hughes,7586824051,Family Medicine,5451 Gregory Glens Suite 418,Fitzpatricktown,FL,26940,986.286.0835,pending,2025-10-26
602,Tyler Russell,0944238602,Neurology,508 Anthony Rest,Julieborough,KY,88053,001-909-461-9797,active,2026-01-15
603,Christian Adams,3569480450,Psychiatry,56748 Ashley Parks Apt. 940,Breannaside,AZ,18897,+1-460-729-4420x31589,inactive,2025-05-26
604,Shelby Mcdonald,4203197774,Orthopedics,5951 Jones Manors Suite 823,New Alejandraberg,MP,79979,786-884-1962x33260,inactive,2025-10-16
605,Carol Fisher,7483173066,Cardiology,315 Tina Pines,South Amberberg,LA,19726,(455)994-6989x0623,pending,2025-10-22
606,John Cole,8902237900,Neurology,4870 Patrick Mission Suite 417,Crawfordmouth,ID,78272,718.989.0737x81591,pending,2025-07-25
607,Elizabeth Hicks,9626838488,Neurology,3802 Gina Locks Apt. 239,Maldonadoburgh,DE,83285,+1-490-251-8812x98861,active,2025-08-28
608,Thomas Hughes DDS,9010792372,Oncology,8933 Whitehead Pass,Stanleymouth,PW,06559,850.567.5789,inactive,2026-05-09
609,Hector Griffin,7731231555,Orthopedics,570 Martinez Course,Williamsonbury,NC,36394,001-344-604-5883x114,active,2026-02-18
610,Marisa Miles,2350368715,Psychiatry,910 Johns Mission Suite 802,Lake Teresa,AS,82756,856-884-4679x403,active,2026-04-08
611,Andrea Robinson,2957378315,Orthopedics,7292 Hall Pass Suite 830,New Maria,MA,73797,(742)633-2416x518,pending,2025-06-07
612,Rebecca Johnson,7344674621,Family Medicine,958 Santos Road Suite 491,Browntown,MA,02221,(621)381-6981,active,2024-10-24
613,Sara Contreras,6094837740,Neurology,286 Beck Garden,Port Sarah,AS,20366,(350)899-6218x36677,active,2026-05-04
614,Troy Smith,5634202223,Pediatrics,980 Rachel Fords Suite 683,Freemantown,CT,62675,491.552.4461x440,pending,2024-11-06
615,Amy Torres,6564260186,Orthopedics,2631 Moss Row,Englishmouth,MI,76869,001-722-277-6414x90038,active,2026-04-22
616,Felicia Brown,3444867228,Orthopedics,047 Sue Circles,Saraview,MS,96342,001-915-974-9325x1149,pending,2025-07-16
617,Arthur Golden,0409543776,Orthopedics,83085 Brian Stream Suite 314,New Christopher,CO,09010,936-378-6210x781,active,2024-06-13
618,Lynn Flores,4257068026,Neurology,15423 Richard Center,East Brian,NY,57089,950-252-2411x42066,active,2024-07-25
619,Francisco Chapman,2016633822,Family Medicine,40053 Jack Fall,West Nicholastown,CT,87435,001-590-511-3484x3391,inactive,2025-08-23
620,Jose Moses,1323945645,Pediatrics,42864 Lynch Meadow,East Josephhaven,NE,56783,942.509.5367,active,2024-11-29
621,Mallory Ward,9735615266,Dermatology,9147 Horne Land Apt. 809,Butlerville,KY,62462,(733)569-5247x466,active,2025-01-13
622,Melissa Lyons,6298532436,Cardiology,241 Wells Estate Suite 638,West Joseph,TN,38068,(985)586-3906x16824,pending,2025-08-04
623,Olivia Cobb,1615381168,Family Medicine,710 Andrew Valley,South David,AR,62305,001-420-814-8967x808,active,2025-10-28
624,Autumn Krause,4639476254,Family Medicine,926 Cooper Lodge,Port James,CT,60795,(399)340-3694,inactive,2024-09-20
625,Thomas Higgins,9719670683,Orthopedics,3910 Stephanie Coves,West Kristen,OK,04110,563-599-4901,pending,2024-10-27
626,Cindy Lowery,6734814098,Neurology,01679 Benjamin Glen Apt. 160,Bethshire,TN,86706,800-842-0288,active,2026-03-18
627,Joshua Johnson,1990342134,Pediatrics,8420 Luis Club Suite 079,South Maryshire,CT,27424,+1-360-515-7117,inactive,2026-02-11
628,Anne Maldonado,0247028814,Family Medicine,28745 Regina Square,Port Sarahborough,NE,62948,657.364.6391x38107,active,2025-09-03
629,Richard Lutz,2321540131,Oncology,50696 Paul Lodge Suite 552,Gregoryfort,WA,41380,602-754-7179,pending,2025-03-18
630,Katie Hendrix,9300519567,Cardiology,635 Osborne Hill Apt. 271,Moorefurt,DC,86144,(665)304-6070x014,pending,2026-01-14
631,Robert Hicks,6240871006,Cardiology,904 Todd Plain Apt. 076,East Walter,DE,16454,(222)632-8222x824,inactive,2025-04-20
632,Kelly Howard,9994004108,Psychiatry,9135 Janet Gateway Suite 053,Tammymouth,FL,22092,001-589-220-6415x78097,inactive,2024-08-12
633,Sarah Johnson,4194534195,Cardiology,144 Peters Union,Robertsberg,OH,05273,(718)989-3063,inactive,2026-04-28
634,Michelle Johnson,3789121397,Orthopedics,69905 Tran Key Suite 599,Heiditown,ND,36972,(790)469-6904,pending,2025-05-25
635,Jessica Bennett,0656733745,Family Medicine,16527 Davis Fork Suite 814,East Michaeltown,NY,37247,676.699.2964,pending,2025-04-12
636,Shannon White,0842324234,Dermatology,41724 Jennifer Junctions,Port Raymond,CT,43443,+1-955-874-9062,inactive,2024-05-21
637,Jacob Brown,3329594523,Family Medicine,8286 Brandon Brooks,New Ryan,HI,90961,+1-291-672-1742x922,active,2024-07-13
638,Timothy Thompson,1539266937,Psychiatry,3250 David Fort,New Brandon,ND,47463,5225061901,inactive,2024-10-12
639,Katherine Freeman,9000029561,Oncology,25647 Willie Land Suite 940,Rileyberg,IN,00562,853-623-1677x8145,pending,2025-03-29
640,David Smith,1945391177,Cardiology,6505 Donna Rue Suite 120,New Christopher,UT,85436,978-906-1902x23116,inactive,2024-05-28
641,Karen Patterson,5322371859,Psychiatry,26848 Gutierrez Parks,North Justinberg,PA,41338,400.503.7539,active,2025-10-06
642,Charles Kim,9866932784,Cardiology,8376 Hudson Junctions,New Donald,CT,13393,001-340-465-2664x26735,inactive,2025-05-02
643,Emily Reed DVM,3756569764,Pediatrics,496 Fred Via Suite 510,Richardberg,MD,01262,(992)896-5685x12062,active,2025-10-12
644,Tony Singh,0979344212,Pediatrics,6502 Kristin Highway,Murraytown,LA,45706,497.325.1840x7033,inactive,2024-12-10
645,Sarah Acevedo,2337209451,Neurology,6706 Richard Forges Apt. 863,North Carlosberg,FM,20364,5085484264,inactive,2026-05-06
646,Samuel Lowe,6082896713,Dermatology,54946 Andrew Land Suite 490,Port Jacobview,RI,48944,001-719-235-0011x54617,inactive,2025-06-10
647,Trevor Gross,9044104043,Oncology,6685 Gloria Village,Jamesville,KY,68009,+1-337-847-5580x3090,active,2025-05-23
648,Douglas Rodriguez,7840190271,Cardiology,883 Miles Mews Apt. 158,Colemanhaven,NE,15288,599-576-7598,pending,2024-09-04
649,Sergio Ball,0583534581,Orthopedics,5728 Wright Garden Apt. 998,West Erik,MO,86937,(617)875-8015,inactive,2025-03-19
650,Dr. Aaron Golden,3028532727,Psychiatry,9834 Jones Land Apt. 252,Sherrychester,CT,31768,2879308972,active,2025-11-21
651,Sean Kirk,7777118425,Oncology,786 Aaron Rapids,North Scottland,FL,10093,2247234473,inactive,2025-11-02
652,Dr. Matthew Duke,1961997165,Psychiatry,6676 Williams Ridge Suite 833,Kimberlytown,AK,81109,001-452-424-2653x793,inactive,2026-01-13
653,Paige Sanchez,9070547360,Oncology,7911 Johnson Squares,North Chadberg,MT,01669,6809265893,pending,2026-03-07
654,Sharon Sellers,3354883571,Cardiology,49679 Loretta Lights,Lake William,MT,83544,(443)620-3172x6652,inactive,2025-02-22
655,Scott Vargas,2724000208,Oncology,014 Tyler Island Apt. 908,Joshuaberg,NM,15514,(230)233-5636x9301,inactive,2025-10-21
656,Kelsey Larson,3187810480,Dermatology,354 Matthew Rapid,New Felicia,RI,97441,804.837.6613,inactive,2024-09-12
657,Allison Mccormick,1226815947,Pediatrics,0531 Benjamin Keys Apt. 309,Crawfordborough,PA,59203,+1-584-921-8914x269,pending,2026-05-11
658,Heather Johnson,1676718776,Psychiatry,883 Mcintosh Meadows,Angelfurt,FM,84371,(876)929-2266,active,2025-05-22
659,Alexandra Lyons,3761652289,Cardiology,4993 Cunningham Coves,West Matthew,NJ,63451,726.259.7640x838,active,2024-12-28
660,Tamara Pugh,4171657893,Cardiology,95651 Miller Crescent,Aliciaton,AR,85892,(900)792-4492x878,inactive,2025-08-21
661,Lori Day PhD,9301125018,Cardiology,074 Ashley Brooks Suite 952,East Jeremy,ID,53988,+1-431-680-6200x730,pending,2025-12-06
662,Marilyn Henderson,4975374057,Neurology,446 Valenzuela Springs,Scottfurt,ND,65112,654.845.3451,active,2025-09-02
663,Vanessa Bates,6583483483,Family Medicine,862 Collier Forge Suite 648,Johntown,VI,87401,575.687.0894x326,pending,2024-12-16
664,Monica Shea,5805045050,Neurology,467 Jessica Branch,South Jamesburgh,PW,99874,+1-739-207-7372x954,pending,2024-11-03
665,Amy Taylor,8515020450,Cardiology,143 Perez Circles,South Candace,WI,90125,+1-233-679-5311x12359,inactive,2026-05-07
666,Hunter Dyer,4286625108,Neurology,3838 Bailey Junctions Apt. 460,New Jesseville,CO,62974,+1-845-955-3706x27281,pending,2024-10-04
667,James Cuevas,2157562641,Oncology,0848 William Tunnel,Myerstown,OR,81953,5697319630,pending,2026-04-05
668,Johnny Brown,5059982267,Family Medicine,123 Harrington Views,West Wayneland,TN,38741,+1-420-525-9364x5028,inactive,2024-07-28
669,John Wang,7672991154,Dermatology,443 Adrienne Station,Lake Kevin,NE,81115,(831)402-9771x150,inactive,2025-09-22
670,Michael Mcdonald,2651732816,Cardiology,910 Perez River,East Corey,OH,32769,(991)957-3767x1052,pending,2024-05-11
671,Hannah Larson,9153044500,Orthopedics,26838 Peters Bypass,Lake Shelby,SC,45880,5292586760,active,2024-11-25
672,Michelle Harris,6754182368,Psychiatry,13827 Charles Well,Craigbury,KY,49691,4187422013,active,2025-12-13
673,Ray Singh,1681636038,Cardiology,736 Steven Pass,Deborahchester,NJ,24642,9002521410,inactive,2025-04-09
674,Derrick Diaz,0895123708,Neurology,19194 Cox Lakes Suite 972,Cooperfurt,GU,15559,+1-827-467-1377x188,active,2026-01-19
675,Hector Rodriguez,6678305573,Dermatology,38874 Gabriel Dam Apt. 461,Kennethfurt,FM,50473,(976)833-0411,pending,2025-12-01
676,Carrie Lambert,5248319686,Orthopedics,4704 Edwards Plain,Watkinsfort,AK,28871,(588)330-0483x7936,inactive,2025-11-21
677,Catherine Crane,9127065934,Family Medicine,40629 Christopher Mission,East William,KY,63391,883-201-8179,pending,2026-01-20
678,Mr. Joseph Daniel,8497499799,Dermatology,2217 Daniel Plains,Gibbschester,MI,68236,001-518-398-1061x7356,active,2026-05-06
679,Brandon Carlson,5572616949,Pediatrics,78811 Alicia Spurs Apt. 682,North Kathryntown,NM,10575,(775)632-1633x61317,inactive,2025-07-07
680,Amber Norris,0372954585,Dermatology,6399 Eric Vista,Yvetteborough,PA,83353,(425)751-7419,inactive,2025-06-22
681,Lori Cameron,4762123601,Neurology,99454 Mallory Stream Suite 531,Peterton,PA,32267,8796685909,active,2025-01-30
682,Kimberly Taylor,4089921773,Pediatrics,166 Carl Ford Apt. 973,Chavezfort,UT,18337,473-640-2422,active,2024-07-18
683,Sherry Franco,3063236540,Oncology,144 Jackson Trace,Erictown,GA,91350,835-309-4765x118,active,2026-04-27
684,Donald Salazar,9414753989,Pediatrics,70542 Roberson Course,New Reginaburgh,MS,10474,+1-410-535-6594x29920,pending,2025-04-27
685,Jessica Beck,6922953386,Family Medicine,411 Chelsea Brook,Port Laura,DC,37259,+1-624-506-6283x4633,active,2026-04-07
686,John Garcia,8669408654,Orthopedics,3826 Angela Junctions,South Josephmouth,GU,03346,001-952-288-9594,inactive,2024-11-08
687,Tanner Russo,6453591765,Oncology,7188 Adam Track,Joshuaside,NY,60181,944.696.6866,inactive,2025-04-10
688,Brian Graves,0690149711,Neurology,84715 Castillo Knolls,Reynoldsmouth,AL,86041,618-586-0167x44923,active,2026-04-19
689,Stephen Lucero,9850450566,Neurology,5402 Santana Underpass,Jonesside,OR,22497,871-640-2503x85762,inactive,2025-05-21
690,Lori Hodges,3849368063,Neurology,530 Andrew Common Apt. 789,Burkeland,AS,80506,+1-230-548-5277x5867,pending,2025-02-18
691,Anthony Lee,6344439468,Cardiology,331 Emily Drive Apt. 357,Daviston,NV,29315,874-445-7762,active,2025-02-18
692,Jill Edwards,0898977475,Pediatrics,434 Taylor Knoll Apt. 774,Port Kristenfort,MS,61545,(987)740-4207x67514,active,2024-10-03
693,Evan Ruiz,3309900094,Family Medicine,5658 John Highway,Matthewhaven,AS,44217,+1-665-935-2326x6000,pending,2024-06-01
694,Dr. Andrea Fitzgerald PhD,9561199899,Cardiology,1181 Shaw Summit Suite 466,West Jessicafort,NV,56213,886-887-0479,inactive,2025-09-13
695,Sandra Kelley,2905256599,Psychiatry,89142 Heather Alley Apt. 927,Odonnelltown,MD,36970,339.886.2214x0513,pending,2025-02-09
696,Eric Dillon,3891478524,Oncology,4203 Obrien Haven Apt. 023,Brewerstad,CO,70922,001-566-247-7413x1351,inactive,2024-08-22
697,Christina Lester,6581539885,Psychiatry,178 Cooper Road,Port Barbaraport,VT,89291,928-765-5816,inactive,2025-11-16
698,Joshua Dunlap,1934891800,Dermatology,146 Jonathon Squares,West Robin,CT,90827,+1-459-973-0912x185,active,2026-03-03
699,William Phillips,6133155530,Cardiology,3030 Phillips Mission,Patelville,MH,06720,+1-665-798-4557x663,inactive,2026-05-03
700,Richard Harmon,2991269945,Oncology,64191 Robert Cove,Hendrixfurt,UT,81222,800-482-2421,active,2025-03-12
701,Beth Mcdaniel,7562699620,Dermatology,479 Julie Branch,Ashleyberg,TN,83619,+1-957-622-8703x2200,pending,2025-06-23
702,Nancy King,3871295145,Psychiatry,058 Jasmine Drive,Smithfurt,AZ,38254,+1-902-624-0654,pending,2025-04-05
703,Melissa Lawson,5090418985,Dermatology,4301 Murphy Ville Suite 623,Schmidthaven,NV,95922,(256)399-3136x0622,active,2026-05-06
704,Sheena Hawkins,0479471990,Orthopedics,035 Kathleen Stream,Melodyhaven,OR,42791,001-238-729-4419x1479,inactive,2024-10-28
705,Justin Chapman,1673095326,Family Medicine,84886 Davenport Isle Suite 292,Kimside,TN,24824,(582)780-1832,active,2024-10-11
706,Jordan Cooper,8467678096,Orthopedics,8374 Andrews Village Suite 521,West Daisy,CO,63097,655-892-8974x87411,inactive,2025-09-22
707,Mrs. Jill Hodges,1997645349,Orthopedics,5156 Tanner Ridge Suite 789,Youngtown,PW,07031,001-235-382-0163,active,2025-11-16
708,John Fowler,2422848349,Dermatology,6680 Graham Square,North Lindahaven,AZ,36492,9335480153,inactive,2025-02-08
709,Jennifer Hatfield,7155446053,Neurology,0967 Velazquez Views,Schultzberg,NM,18331,4537649911,active,2025-03-05
710,Tammy Hernandez,8502155383,Family Medicine,775 Dunn Corners,South Ian,KS,29014,+1-256-978-4460x789,inactive,2026-01-07
711,Richard Hart,9198177551,Oncology,441 Munoz Expressway,Jamieville,NE,36623,+1-882-783-8597x477,active,2025-02-12
712,Steven Olson,5549434368,Pediatrics,715 Owen Extensions Apt. 094,South Richardbury,ME,15253,(635)997-7100x115,inactive,2025-04-08
713,Dwayne Woodward,3148722557,Orthopedics,4135 Wong Street Suite 416,Nancystad,NH,28549,+1-752-932-8555x809,pending,2025-11-07
714,John Reilly,1660284136,Neurology,34704 Steven Glen,Romanmouth,SC,94390,747-797-3418,active,2025-07-03
715,Kelly Robinson DVM,5601703961,Oncology,75900 Samuel Camp,Stevensview,OK,04884,586.892.8551x6215,pending,2025-04-01
716,Heather Gonzalez,6735589607,Family Medicine,2288 Joseph Corner,East Lauren,GU,14456,001-539-801-4309x74274,inactive,2025-03-03
717,Courtney Castillo,9671480300,Family Medicine,356 Castro Drives Suite 082,Howardchester,IA,96112,494.512.8866x9112,inactive,2025-12-14
718,Dennis Sandoval,5261197892,Cardiology,465 Stuart Roads Suite 653,West Glenda,MD,37222,211-781-8513x6738,inactive,2024-08-24
719,Roger Schneider,1937684184,Oncology,46220 Jose Pike Apt. 335,Theresaville,DE,24694,928.936.0308x764,pending,2024-06-13
720,Wendy Stanley,7618376295,Oncology,6716 Susan Parks,North Julian,NC,68153,(680)741-8693x0326,pending,2025-12-13
721,Jeffrey Evans,9916053906,Oncology,097 Jerome Curve Suite 197,North Andreastad,OH,75719,936-682-9670,inactive,2024-09-16
722,Tammy Jones,3625260221,Cardiology,088 Richardson Harbor Apt. 293,Port Victoria,ND,30751,001-684-739-1065x73517,inactive,2026-03-13
723,Daniel Vaughn,5102140128,Family Medicine,19558 Knight Bridge,West Lindsey,VI,79524,917.271.7030x568,inactive,2026-02-22
724,Carl Kent,6051648389,Pediatrics,37684 Katelyn Motorway Suite 776,North Paulbury,ME,43046,+1-897-931-7303x3249,pending,2025-01-09
725,Kathryn Whitney,5104848094,Psychiatry,318 Vicki Loaf Apt. 542,Williamsshire,MH,47671,001-947-861-1107,pending,2024-12-21
726,Dylan Paul,6572897226,Neurology,8540 Bethany Rest,Suefurt,NC,46228,001-860-966-9926x1382,active,2024-06-04
727,Jessica Alexander,7795703996,Oncology,3779 Natasha Valley,Jonesland,AR,57884,001-635-512-8962x20682,active,2024-09-07
728,Todd Allen,2399344606,Orthopedics,9430 Salazar Shoal,East Matthew,ND,51853,629-741-2853x70064,inactive,2024-12-06
729,Travis Sanchez,1980425542,Oncology,3764 Michael Union,South Angelachester,OH,69973,+1-378-960-2039x2213,pending,2024-06-04
730,Lisa Love,5866399287,Cardiology,87314 Linda Port Suite 629,South Ruthshire,MO,41095,216-703-3288x8070,inactive,2024-07-07
731,Joseph Collins,1202201754,Dermatology,1648 Harvey Shoals Apt. 046,Andersonmouth,MD,85728,001-801-252-6974x4203,pending,2025-04-27
732,Gloria Moss,3309587238,Neurology,8060 Michelle Isle,Levineberg,IN,18140,(271)348-5819x7015,active,2025-06-28
733,William Cantrell DDS,0925192018,Neurology,523 Janet Port,Wilkinsonview,OK,85362,779.758.2915,active,2025-12-24
734,Ryan Pham,7149207574,Cardiology,2487 Brandi Estate,Andersonland,NC,71989,912.949.7736,pending,2024-09-13
735,Elizabeth Reid,3549787296,Cardiology,1564 Patricia Way Apt. 299,Port Lindaview,ND,85340,2426479600,pending,2024-05-17
736,Michael Webb,7624266225,Orthopedics,203 Casey Fort Apt. 914,North Erikaberg,NH,32184,917-722-6414,inactive,2025-03-14
737,Alexandria Smith,1842933598,Neurology,4229 Mary Trace Suite 966,Cobbland,MI,33163,+1-202-526-2473x650,pending,2024-08-23
738,Laura Warner,0647614427,Pediatrics,55404 Danielle Crossing Suite 979,Lake Janice,AR,96800,(675)749-3934x39690,active,2026-01-25
739,Megan Grimes,5287835733,Cardiology,30734 Wright Villages,North Henry,IN,55957,412-224-7409x8537,active,2024-11-03
740,Frederick Jones,0232510715,Dermatology,8709 Walters Square Apt. 422,Staceyfurt,ME,09834,599-225-5125,active,2026-03-30
741,Angela Davis,3505349419,Pediatrics,57557 Patricia Lock Suite 328,West Robert,AK,56938,462-218-5635,pending,2026-02-08
742,Jeffrey Jones,0420598685,Pediatrics,771 Lee Forge Suite 080,North Bradleyport,WV,99369,(510)239-2788x88189,pending,2024-12-02
743,Jeanette Wilson,3881687851,Cardiology,9050 Cook Locks Apt. 672,North Timothyberg,VT,64500,(508)714-7237,active,2025-03-14
744,Jose Acosta,0830697899,Psychiatry,45498 Robert Common Suite 674,South Nicholashaven,VA,55270,251.785.7116x456,inactive,2025-09-11
745,Samantha Clark,4318073920,Psychiatry,58565 John Mountains,Olsonbury,AK,89237,816.378.7192,pending,2025-02-06
746,Megan Smith,1240254550,Neurology,4908 Elizabeth Radial,New Melanie,MO,83220,538.687.2461x630,pending,2024-11-08
747,Michael Johnson,9143529493,Neurology,4179 Edwards Groves,Websterberg,NY,81660,835.218.9622x5275,active,2024-05-14
748,Andrew Walker,4056771251,Psychiatry,904 Sandra Vista Apt. 805,South Richardton,VT,71576,623-992-7884,active,2025-08-18
749,Justin Marsh,6152769584,Psychiatry,2022 Benson Drive Suite 886,Lake Chad,VI,60989,271.445.0311,inactive,2025-02-12
750,Kevin Martinez,4193960610,Dermatology,1891 Lisa Unions Apt. 569,West Jessica,MT,73927,+1-334-510-3414,inactive,2025-11-14
751,Ashley Hodge,8140513251,Family Medicine,044 Johnson Lake Suite 094,Port Yvonnefurt,NH,13619,787-983-1031x4564,inactive,2024-08-10
752,Judith Stanley,7940740337,Cardiology,9998 Smith Forks Apt. 913,Adkinsport,CO,24857,+1-364-210-6032x6753,inactive,2025-01-20
753,Jennifer Miller,0108965461,Psychiatry,3606 Smith Harbors,Robertshaven,MO,61302,+1-948-269-8948x481,inactive,2026-02-26
754,Robert Johnson,0770177375,Family Medicine,330 Rose Creek Apt. 719,Collierton,KY,81252,8219444155,active,2024-12-01
755,Max Stone,9655239170,Neurology,353 Nancy Throughway,West Christinashire,OR,24108,(665)836-1977x3173,inactive,2025-09-30
756,Jonathon Robbins,2385865392,Cardiology,687 Jose Common Apt. 493,Port Timothyfurt,NV,04875,(805)458-1735x79211,pending,2025-01-13
757,Robert Grant,3546463989,Cardiology,14557 Melanie Fort Apt. 427,Lake Amberfurt,MO,98459,001-425-852-9050,pending,2026-04-30
758,Michael Bowers,1015616197,Oncology,449 Donald Corners,North Brandon,WA,73382,523.384.6990x86723,inactive,2024-06-24
759,Kendra Snyder,7365561922,Family Medicine,822 Robert Terrace,New Jessicafurt,GU,38174,676-313-0236,inactive,2025-09-27
760,David Hunter,5991676403,Orthopedics,91932 Taylor Place,Lake Linda,AS,60035,726-493-7949,inactive,2026-03-26
761,Terry Perry,4448436868,Psychiatry,14330 Scott Rapids,West Annafort,CO,44271,359-406-2787x90259,pending,2024-05-22
762,Tiffany Mckay,7216266032,Pediatrics,8418 Gregory Island,Dianeshire,OK,64687,437.693.9579x551,active,2025-10-19
763,Bradley Brown,3670386256,Psychiatry,1125 Cross Estates Apt. 300,West Raymondbury,AZ,97902,529.324.8287x32107,active,2024-09-13
764,Mike Jarvis,4852207201,Neurology,84287 Gallegos Cliff Suite 279,Gillborough,SC,52347,312-695-5510x05108,pending,2025-09-26
765,Michelle Anderson,2300360722,Cardiology,0283 Janice Field,Feliciaview,ID,60387,339-816-9280x91663,pending,2026-01-15
766,Lisa Huff,7403304544,Pediatrics,61664 Smith Spur,Kellymouth,OH,04101,451-276-4296,active,2025-07-13
767,Bryan Smith,0969961315,Orthopedics,552 Heather Dale,West Wesleyside,ID,60273,+1-774-235-4047x6253,pending,2025-11-26
768,Thomas Parsons,5586277888,Psychiatry,0317 Schmidt Brook,North Jonathan,MI,70447,709.671.8614x22935,inactive,2025-09-06
769,Shawn Williams,5967577991,Pediatrics,379 Andrew Inlet,Taylorberg,NV,33283,411-460-8958x97015,inactive,2024-08-04
770,James Boyd,6008347612,Neurology,74611 Jessica Ports,Rayberg,NH,14280,+1-756-803-3878x8528,inactive,2025-05-20
771,Raymond Scott,3976309007,Oncology,9499 Casey Island,Suttonview,VI,41094,510-676-9262x654,inactive,2025-11-23
772,Wendy Rodriguez,6043598398,Neurology,907 Cox Walk Suite 783,Riveraside,CA,50100,884.334.0730x7177,pending,2026-02-13
773,Shannon Stewart,0078836922,Family Medicine,85403 Riley Radial,Davidside,MA,89907,001-302-631-2653x27355,pending,2025-08-09
774,Kristopher Brown,2234771469,Neurology,93555 Neal Canyon Apt. 006,South Johnborough,MT,41024,359-447-6121x893,active,2025-04-25
775,Rachel Cameron,5076122283,Neurology,6446 Wright Avenue,Nathanmouth,AS,45079,001-950-926-3560,active,2025-05-02
776,Rebecca Collins,3327639904,Oncology,08236 Le Viaduct Apt. 690,Lake Isaiah,AR,74456,355.706.1790x670,inactive,2025-09-18
777,Anthony Silva,3449076972,Dermatology,2183 Kari Viaduct,New Jessica,PR,10012,001-392-496-9210x5307,pending,2024-09-14
778,Sean Hurst,2283774270,Pediatrics,9857 Mccormick Plaza Apt. 063,East Heather,NC,91425,001-701-426-9804x4665,inactive,2025-11-03
779,Jason Kirk,6064724525,Cardiology,78747 Kelley Plain Suite 070,Robertfort,NH,60551,001-806-212-9889x72842,pending,2025-12-13
780,Robert Thomas,6164170053,Pediatrics,86056 Daniels Branch Apt. 166,Yvonneshire,MP,48693,+1-512-779-8312x4285,inactive,2025-09-14
781,Ryan Conner,1991984808,Dermatology,17086 Brennan Cove Suite 207,Bankston,NJ,37886,8439368957,pending,2025-10-04
782,Elaine Miller,0511090070,Oncology,8502 Nathan Drive,Elizabethshire,NJ,21927,+1-639-920-1029x75997,active,2025-09-16
783,Shannon Cook,3965974425,Cardiology,9420 Miller Haven,West Kimberlyborough,NV,38737,8518337937,inactive,2025-11-04
784,Melissa West,8160855717,Oncology,058 Gilbert Lock Apt. 449,New Brianmouth,NY,53030,(840)557-4450,pending,2024-09-21
785,David Thomas,7911110851,Neurology,6898 Carlson Viaduct Apt. 135,Wilsonborough,AR,86887,934.480.0226x425,active,2024-05-17
786,Elizabeth Mckenzie,9878192147,Cardiology,847 Hughes Hill Apt. 937,South Jenniferview,TX,62686,(214)661-7275,pending,2025-01-17
787,Ronnie White,7698897988,Oncology,5445 Stephenson Trace Suite 134,North Samanthaberg,VA,76685,001-536-605-9627x519,pending,2025-02-10
788,Larry Rodriguez,4844793656,Neurology,56862 Jacqueline Garden,Port Stevenchester,MA,80886,580-553-1602x274,active,2024-06-18
789,Toni Thompson,7186244756,Neurology,12138 Travis Vista,New Rebecca,ND,99892,7668154598,inactive,2025-02-10
790,Gabriel Whitaker,1802882521,Pediatrics,886 Silva Island,Peterhaven,WV,41154,(488)228-4705,active,2024-11-04
791,Sara Jackson,9887123203,Neurology,8642 Noble Summit Suite 862,Duffymouth,HI,62261,(987)960-3208,inactive,2025-06-25
792,Jessica Miller,0628334557,Orthopedics,6232 Porter Station,North Jonathanborough,MA,70066,(997)230-2732x285,active,2024-12-25
793,David Hines,2555468939,Pediatrics,0411 Woods Point Apt. 596,Ricardomouth,IN,69660,(456)490-4484x6733,active,2025-08-09
794,Michael Campbell,9558770062,Cardiology,945 Haley Manor,Anthonychester,AK,83886,+1-595-230-1203,inactive,2025-09-30
795,Tony Porter,6283356890,Cardiology,108 Stacey Lakes Apt. 374,West Richard,AK,17448,+1-777-928-7156x5969,pending,2025-10-02
796,Stephanie Gomez,7595995505,Family Medicine,362 Scott Hills Suite 418,New Michael,GA,90898,425-320-7882x16511,pending,2024-12-15
797,Katherine Page,5203027694,Neurology,08824 Jacob Stream Suite 321,Lake Victoria,FM,37952,6293363409,pending,2024-09-16
798,Samantha Santana,5257959900,Pediatrics,9412 Rebecca Islands Suite 601,Port Danielport,WA,96165,848.457.1339,pending,2026-02-22
799,Jason Lopez,3421120291,Oncology,130 Kelly Walks,Annburgh,RI,69398,+1-508-388-1966x452,active,2026-01-03
800,Kenneth Lawrence,8213356831,Pediatrics,36670 Dickson Station Apt. 710,Lake Amy,OK,12591,+1-218-574-0501x332,active,2024-11-26
801,Leslie Jordan,7148765077,Pediatrics,257 Jeremy Views Suite 316,Port Jamesfort,SD,66538,001-811-805-7039x9630,pending,2026-02-05
802,Gregory Lawson,6966932337,Psychiatry,71580 Bethany Way,West Dianaside,MT,26440,923.643.0658,active,2024-12-05
803,Melissa Arnold,9237590972,Oncology,582 Pierce Junction,Michaelville,IL,81792,001-519-960-3482x36788,inactive,2024-09-30
804,Sarah Lee,3800436475,Orthopedics,6486 Acevedo Grove Apt. 637,East Benjaminbury,CT,60449,352-397-7601x45840,inactive,2025-11-09
805,Robert Wood,2814361168,Dermatology,14603 Jones Path Apt. 605,Matthewview,MS,46459,626-283-6843x771,pending,2024-10-03
806,Megan Welch,5459566003,Psychiatry,19622 Rowe Forges,Marshfort,PW,35504,+1-221-573-6838x50957,active,2024-11-16
807,Lindsey Miller,5081136403,Orthopedics,484 Monica Mountains Suite 006,Port Tony,OK,43849,001-895-714-2954x496,inactive,2024-12-11
808,Veronica Walton,7562752800,Psychiatry,1734 Murray Shore,Heidimouth,OR,24634,651.963.8326,active,2025-10-18
809,Melinda Williams,1707812945,Neurology,1304 Hansen Course Suite 235,Kimside,ID,84374,372.587.5679,pending,2024-06-15
810,Stephen Gray,7711588218,Psychiatry,89410 Luna Crest Apt. 611,Sarahview,KS,50547,001-611-998-3097x542,inactive,2024-10-13
811,Patricia Black,8523774877,Dermatology,78812 Allen Isle,East Christopherside,MP,04537,+1-822-867-9909,inactive,2025-03-08
812,Joshua Ward,3839571646,Oncology,00370 Sergio Valleys,South Abigail,AR,69671,+1-686-669-3207x0983,active,2025-07-19
813,Melissa Vasquez,4876296507,Orthopedics,456 Alexander Meadow Suite 654,Port Carlyburgh,NY,13996,494.477.9500x345,pending,2024-06-24
814,Christopher Carr,3032645257,Pediatrics,09074 Jessica Forks,Christopherhaven,MA,19721,+1-224-276-7512x5837,inactive,2025-10-19
815,Ryan Clark,6933276334,Family Medicine,85628 Steven Turnpike,South Emily,HI,44674,001-593-610-3370x08942,pending,2026-03-25
816,Patrick Smith,3333188384,Psychiatry,1257 Joseph Forges Suite 198,Karenville,NJ,55677,001-668-406-4554,inactive,2024-07-20
817,Michael Moody MD,2640532739,Cardiology,859 Jose Curve Apt. 903,Austinmouth,PW,89228,+1-883-731-5032x19859,pending,2025-12-15
818,Melanie Luna,2506668606,Cardiology,47671 Poole Ports Suite 328,Jenniferland,FM,96277,4384524276,inactive,2024-07-25
819,Peter Allen,7439639949,Cardiology,403 Flores Summit Suite 656,Jamesfort,AR,67812,430.702.1027x3663,active,2025-10-30
820,Julia Cortez,2234874939,Dermatology,6019 Arthur Branch,Anachester,MO,94872,001-707-732-6447x8937,inactive,2025-08-14
821,John Jordan,0909371645,Pediatrics,45734 Graham Ports,Jonathanfort,WY,28472,001-838-878-0528x905,inactive,2025-01-18
822,Ms. Jessica Lindsey,4771988837,Cardiology,45096 Montgomery Parkway Apt. 625,East Johnhaven,VI,75297,+1-896-746-9243x4354,active,2024-09-17
823,Robert Parks,6038710880,Psychiatry,4694 Simmons Hills,East Thomasview,NV,36703,569.811.6122x150,inactive,2025-10-03
824,Kristen Ortiz,8190041589,Family Medicine,35286 Smith Via,New Lee,WA,00543,001-702-995-7380x10124,inactive,2024-07-19
825,Susan Hansen,6194999136,Family Medicine,55191 Martha Ports Suite 871,Nortonfort,CA,63812,7802492932,inactive,2025-05-04
826,Ashley Henderson,2933213495,Neurology,09400 Timothy Springs,South Tylerhaven,OH,46213,(227)548-0661x1262,active,2026-03-12
827,Leslie Greer DVM,6571211860,Oncology,112 Nancy Ridges,East Brian,MD,47316,001-387-692-0623,active,2025-12-28
828,Jeffrey Barrett,8910961968,Neurology,5052 Calvin Throughway,Port Jaychester,AL,68509,264-318-0446,active,2025-09-28
829,Mr. Andrew Schroeder PhD,4695449506,Family Medicine,580 Carey Square,Bakerfurt,NE,78373,+1-439-685-9074,inactive,2024-07-07
830,Luke Smith,9577625384,Cardiology,6919 Lee Court Suite 472,Martinezport,TX,93850,(885)890-2629x7611,pending,2024-08-19
831,Jennifer Smith,3498246896,Neurology,016 Gray Villages Suite 740,North Penny,GU,65675,(731)425-2423,active,2025-01-15
832,Sandra Smith,5894961721,Pediatrics,52053 Gonzalez Corners Apt. 184,Samanthatown,MA,80798,+1-634-623-2210x912,active,2026-02-19
833,Brian Olsen,1408783437,Dermatology,824 Katelyn Court Apt. 682,North Jay,RI,74668,+1-981-881-0096x24265,inactive,2025-12-24
834,Heidi Wells,4526348882,Pediatrics,725 Phillips Ferry,Lake Marc,MD,15804,578-682-8050,pending,2025-01-11
835,Noah Lopez,7204767666,Psychiatry,288 Evans Squares,Millerberg,AR,82521,853.413.6859x3152,inactive,2024-07-19
836,Karen Phillips,1443010614,Family Medicine,2996 Gomez Mountain Suite 433,New Laurafort,CT,16554,+1-353-233-4972x96970,active,2025-11-10
837,Rebecca Turner,4499758586,Family Medicine,888 Mary Mountains,Brownberg,DE,48520,001-592-479-4376,inactive,2025-05-04
838,Sean Cisneros,3312223954,Orthopedics,0473 Tina Street,Port Randy,NH,41087,877.240.7036x665,active,2024-05-13
839,Jamie Love,2821282193,Oncology,278 Farmer Dale Suite 439,East Melissa,PW,39739,001-759-569-2066x6048,active,2024-07-19
840,Matthew Baker,5849811846,Dermatology,24210 Curry Mountain Apt. 704,Port Nicholas,SC,69841,616-459-5585,active,2024-07-03
841,Kenneth Gonzalez,1363659727,Dermatology,6877 Diaz Fords Suite 861,Port Kimberly,CO,64139,891-995-3808x842,active,2026-01-25
842,Lawrence Smith,7615001113,Family Medicine,4804 White Flat,Bonillafort,RI,20985,001-214-699-0108x61647,active,2026-01-14
843,Miss Laura Davis,7380679967,Oncology,7209 Wilson Unions,Port James,HI,57169,932-305-8699x7245,pending,2025-09-08
844,Helen Herman,7932770115,Psychiatry,917 Harris Valley Apt. 609,Romerochester,NY,72829,001-888-961-0859x735,active,2026-01-31
845,Sandra Carter,3364470263,Cardiology,6765 Stokes Union,Jillhaven,NV,86460,001-966-694-9471x5534,inactive,2026-02-01
846,Michelle Anderson,0537729084,Family Medicine,3945 Joel Valley Suite 480,Warrenstad,IN,70243,338.556.9329,pending,2025-03-04
847,William Warren,4073730415,Orthopedics,632 Roberson Island,North Leahberg,MT,47813,838.879.6334x67464,pending,2025-11-07
848,Samuel Lynn,7399741592,Pediatrics,941 Natalie Brooks,Lake Tracy,AZ,63800,+1-919-951-6484,inactive,2025-06-28
849,Joseph Forbes,0614435754,Oncology,935 Sonya Key Apt. 602,Johnsonfurt,VI,69688,856.370.7181x2923,active,2026-01-31
850,Bethany Vasquez,4599841337,Neurology,705 Tracy Circles Apt. 651,Port Ronaldton,NM,05195,683.784.7848x303,active,2025-04-14
851,Sean Keller,0449272809,Oncology,17883 Lara Glens,Lake Stacy,NE,65047,001-585-298-4440x8895,active,2024-10-04
852,Mario Murray,5605269901,Cardiology,30299 James Forges Apt. 923,Melissafurt,MI,35200,2304799154,pending,2025-09-21
853,Christopher Wilson,9531850042,Neurology,82068 Lindsey Centers,Allisonville,WY,91349,5937054847,active,2025-03-31
854,Lindsay Dyer,9824553815,Family Medicine,272 Kathy Ways,South Sarah,PR,17737,001-851-385-2557,inactive,2025-01-12
855,Andrew Brown,8196954487,Psychiatry,50488 Richards Crescent Suite 089,Lake Jonathan,MT,93803,703-750-7695x5593,active,2025-05-17
856,Antonio Sherman,2277547777,Oncology,9254 David Passage Suite 249,South Caitlyn,RI,05552,6708455948,inactive,2025-04-13
857,Nathan Stafford,6623956712,Dermatology,9350 Kimberly Meadows Suite 490,Turnerberg,PW,20560,927.265.3145x1341,pending,2024-06-20
858,Jacob Peters,4559556216,Family Medicine,57668 Ann Tunnel,Katherineport,AS,97994,001-910-386-0431,inactive,2025-02-05
859,John Morris,2197933686,Cardiology,316 Alexandra Path,Debbietown,CO,04880,(458)839-1115x320,inactive,2024-12-05
860,Michael Parks,3396379020,Orthopedics,878 Sherry Circles,New Kenneth,NV,68623,567-666-3420,pending,2025-05-20
861,Edward Newton,6647426440,Cardiology,8327 Russell Mills Suite 818,Wallaceport,KY,80374,001-824-568-7144,pending,2026-04-29
862,Michele Wright,5566423940,Neurology,690 Adams Radial,Myershaven,CA,16457,+1-282-529-2324x68722,active,2025-04-17
863,Michael Ayala,0613867485,Family Medicine,304 Murphy Lights Suite 765,Shawside,TX,00780,6556126764,inactive,2024-10-15
864,Danny Owens,5614653442,Neurology,42186 Wright Stravenue,Port Miguelton,IA,43203,791-398-5056,pending,2024-10-30
865,Samuel Flores,8143229876,Pediatrics,327 Kimberly Crossroad Apt. 381,South Billyhaven,RI,10648,001-670-805-2291x8457,pending,2025-01-30
866,Felicia Anderson,0259961143,Psychiatry,304 Courtney Neck Suite 130,Jonesberg,MH,18842,368-697-4537,pending,2026-05-10
867,Ruben Williams,3192743126,Psychiatry,5602 James Corners Suite 558,South Kathrynview,NH,43212,352-267-2036x70275,pending,2024-05-16
868,Stephanie Bruce,6870690571,Pediatrics,18167 Lisa Garden,Laurenborough,OK,30599,001-930-654-8495x16570,active,2024-09-25
869,Michelle Perez,2426468551,Cardiology,04115 Stephens Bypass,Coreybury,ID,37782,(953)236-3305x7543,pending,2024-05-13
870,Stephanie Wilson,4377021704,Psychiatry,12592 Michelle Road Suite 178,Oscarville,NH,50123,+1-375-205-9173x930,active,2025-09-24
871,Stephanie Lawrence,6983317936,Dermatology,708 Sharp Cape Suite 545,Lake Matthew,ID,48815,707.865.0946x207,active,2024-08-26
872,Catherine Rodriguez,2602611868,Family Medicine,109 Ryan Alley,New Joshuashire,AL,73343,270-703-2762,active,2026-03-21
873,Mary Warren,7770149726,Family Medicine,19569 Torres Burgs,Colemouth,PA,47951,(991)692-2051x3563,inactive,2025-10-27
874,Lisa Bell,0751674867,Dermatology,8182 Tracy Parks,Williamport,NM,59631,+1-835-999-5843x835,pending,2025-11-11
875,Charles Johnson,1930646912,Oncology,1919 Hayden Ports Apt. 353,East Courtneybury,WV,73260,783.705.6828x7533,pending,2024-09-18
876,Amy George,4874781128,Psychiatry,9934 Martinez Fort,Port David,OR,29471,677-986-5039,inactive,2025-02-08
877,Mariah Stewart,7779174312,Family Medicine,45353 Casey Isle Suite 509,South Eric,RI,36109,303.869.5756x29433,pending,2025-06-06
878,Rachel Bray,8855069439,Orthopedics,1010 Thomas Oval Suite 493,Joshuashire,FL,15539,3185188969,inactive,2026-04-12
879,Shari Willis,5753848111,Neurology,703 Ellis Locks Apt. 164,South Jacob,MP,44321,546-620-2135x46922,active,2024-05-13
880,Angela Wallace,4346609547,Neurology,060 Sara Pine,North Scottstad,CT,51774,452.614.1202,inactive,2025-08-16
881,Mr. James Williams,9564185413,Cardiology,366 Simon Bridge,New Matthew,PA,09327,765-481-7915x78290,inactive,2025-11-01
882,Christopher Miller,9114299948,Oncology,1401 Lisa Lake,Valenzuelashire,ID,76586,242-365-2012,inactive,2025-04-05
883,Brittany Harvey,8446988866,Psychiatry,481 Steven Union Apt. 367,Stacyville,PW,55071,249-715-3218x0113,inactive,2026-02-15
884,Ian Poole,8234284022,Neurology,2671 Yvette Estate Apt. 253,Erikside,NE,58305,9778604293,active,2025-10-10
885,Elizabeth Mata,7721075240,Psychiatry,30510 Levy Drive,Laurenberg,MI,36743,(465)941-6893,pending,2026-05-10
886,Nathaniel Molina,3985238182,Psychiatry,3278 Black Neck,West Henrybury,MI,60349,001-431-389-9593x11699,inactive,2025-08-29
887,Erik Mcdonald,0507077508,Dermatology,499 Gonzalez Key Suite 686,Martinezland,IA,72175,7596519484,active,2025-11-08
888,Jacob Cook,1330591541,Oncology,51109 Jimenez Junctions Apt. 363,Avilatown,PR,44433,001-904-917-3722x3426,active,2026-02-04
889,Wendy Gonzalez,2381281718,Oncology,4752 Chad Estates,Curryshire,NE,32504,001-473-511-4933x10886,pending,2024-06-19
890,Randall Harrington,9400381803,Pediatrics,8510 David Parkway Apt. 414,New Christopherton,DC,68369,961-268-7873x214,pending,2024-10-11
891,Alex Lopez,4743344210,Dermatology,1004 Smith Bridge Suite 131,West Michael,WA,60166,001-742-807-2239,inactive,2025-11-13
892,Julie Sandoval DDS,1898987877,Cardiology,7513 Marshall Club Apt. 398,New Tashabury,RI,60331,+1-720-748-7304x5194,active,2025-11-02
893,Jordan Calderon,7341880796,Neurology,031 Walter Valley Suite 859,New Daniel,ND,84067,336-720-5449x33927,pending,2024-11-10
894,Crystal Edwards,6702071537,Dermatology,05555 Emily Grove Suite 078,Bryanthaven,VI,69396,+1-292-621-0072,inactive,2024-05-26
895,Emily Wolf,1124617578,Psychiatry,1048 Ortiz Common,Scottview,FL,57308,(944)370-4986,pending,2024-08-03
896,Bruce Ford,0332570443,Oncology,3246 Barton Port,Sandovalview,PA,89540,4306438177,active,2025-03-02
897,Diane Johnson,8113018643,Psychiatry,14565 William Crossing,South Michael,CO,62711,7038437432,inactive,2025-12-21
898,Allen Hess,5362512311,Psychiatry,1119 Danielle Burgs Suite 071,Lake Richard,OR,27226,8059221442,active,2025-09-01
899,Nicole Diaz,3842561161,Neurology,999 Nelson Divide Suite 184,Leonardmouth,WV,42015,+1-326-682-9508,pending,2026-01-23
900,Sarah Collins,0232358593,Oncology,035 William Burgs Suite 075,Port Tylerhaven,CO,77297,+1-673-654-4252x47777,inactive,2025-12-01
901,James Bauer,3046400606,Family Medicine,4862 Diaz Lakes,South Steven,IN,74225,(446)709-1210x407,active,2024-11-12
902,Monique Morrison,0160993247,Oncology,9262 Barnett Underpass,Lake Thomasborough,DE,90368,(603)625-0394x3988,inactive,2026-03-27
903,Kenneth Moore,3617949645,Pediatrics,595 Quinn Wells Apt. 273,South Jennaport,TX,95905,+1-827-418-3224x02393,active,2025-04-23
904,Jason Cabrera,0404655112,Pediatrics,81105 Sharon Station Apt. 892,South Kimberlyport,TX,83919,595-728-2767x74239,pending,2025-10-04
905,Paul Wilkins,7327839692,Psychiatry,1002 Smith Mill,North Jonathan,MH,82818,+1-548-369-6537x1557,active,2026-04-19
906,Aaron Bradley,3187309507,Pediatrics,77312 Zhang Harbor,Lake Larrymouth,AR,21460,+1-475-490-8268x00907,active,2024-05-31
907,Karen Savage,1894523959,Orthopedics,23315 Shah Crescent Suite 579,East Garytown,GU,72695,580.260.9417x50241,pending,2024-06-14
908,Kimberly Snyder,5875585095,Neurology,5049 Thompson Gateway,Gutierrezport,TX,52057,(672)486-5181,inactive,2024-06-08
909,Tamara Curtis,4504621764,Oncology,9394 Ronald Wells,Coleton,NV,73365,+1-886-898-5857x49110,pending,2025-04-10
910,Jeffrey Herring,8793978953,Family Medicine,0124 Natasha Creek Suite 459,West Tina,NV,72142,8477040793,pending,2024-06-29
911,Jillian Long,9269203273,Pediatrics,1256 Branch Cliffs Apt. 300,Stephenhaven,VI,76012,(291)253-2425x660,pending,2026-02-09
912,John Medina,6903034136,Psychiatry,329 Hamilton Plain Suite 997,Velasqueztown,WA,65818,5605074614,inactive,2026-02-07
913,Anthony Ramirez,9174436871,Neurology,87621 Mcclain Station Suite 405,Teresahaven,NE,56741,482-948-7414,inactive,2025-05-15
914,Lori King,9887263492,Cardiology,223 Barbara Prairie,North Lee,WY,03621,6717320448,pending,2025-03-13
915,Karen Cox,4176604568,Pediatrics,116 Wood Shoal,Vasquezmouth,WV,52864,(276)766-4760x852,pending,2026-01-22
916,Jeffrey Rivera,5217504998,Neurology,298 Ferrell Mountain Suite 442,North Ryan,TX,92229,+1-550-869-2987,inactive,2025-12-05
917,Antonio Mcbride,2466390321,Neurology,03183 John Brooks Apt. 118,Elizabethfurt,MI,33477,385.758.7552x45296,pending,2024-07-04
918,Lee Mayer,5783517983,Dermatology,135 Novak Manors Suite 338,Jenniferside,NE,87571,317-882-5601x999,active,2024-08-13
919,Taylor Parker,7629368426,Cardiology,79736 Cunningham Villages Apt. 102,Liton,TX,81785,620-738-7212x15190,active,2025-10-27
920,Ronald Ochoa,4622016566,Pediatrics,393 Johnson Drives,Jacobberg,MS,17307,338-614-0307x55984,inactive,2026-02-23
921,Stephen Moreno,3507450933,Oncology,099 Johnson Greens,Adamborough,CO,03653,+1-907-571-8235x327,pending,2025-05-03
922,David Sanders,7275735548,Cardiology,7126 Patterson Junction,New Jay,WI,76142,001-629-542-7021x5013,inactive,2025-08-19
923,Jessica Kennedy,8958247733,Dermatology,99037 Haley Creek,South Michael,IA,74865,001-255-871-4211x622,pending,2026-01-27
924,Erika Davis,0443643644,Psychiatry,29691 Hernandez Spurs Apt. 072,South Raymond,NY,31824,527-780-8785x71093,active,2024-10-17
925,Kevin Lam,6325867754,Dermatology,8617 Angela Inlet Suite 034,Lindaborough,IN,24593,001-746-356-8415x463,pending,2025-04-16
926,Erik Travis Jr.,8517696595,Psychiatry,6003 Seth Island Apt. 296,Zacharyberg,CO,01641,001-922-725-1455,active,2026-01-14
927,Martin Hall,6604142643,Cardiology,97081 Kristy Drives,New Anita,DE,02616,+1-335-624-3922x950,active,2025-06-30
928,Kristin Johnson,6953908783,Cardiology,6790 Stephanie Mill Apt. 446,Hooperfurt,PA,40950,001-783-260-9438x682,inactive,2025-06-01
929,Christopher Cobb,6297266923,Pediatrics,7273 Robbins Loop,South Susan,VA,89895,772-333-4466x610,pending,2026-03-27
930,Nicholas Hughes,8068628868,Psychiatry,244 Preston Throughway Apt. 951,Howellmouth,MT,11862,544.208.8331,active,2024-08-07
931,Cheryl Harrison,9123779398,Neurology,22016 Cody Track,Henrytown,SC,20592,891.552.3133,pending,2025-09-19
932,Aaron Tran,1270231896,Neurology,01295 Priscilla Gardens Apt. 775,Strongtown,AL,92140,6196176532,pending,2025-06-02
933,Daniel Shields,7151547469,Cardiology,70870 Timothy Place,North Megan,AR,06607,+1-338-808-3491x232,pending,2025-09-09
934,James Burke,3241832527,Dermatology,52021 Daniel Mews Suite 954,New Stephanie,WA,28695,(367)301-1678,inactive,2025-12-19
935,Mrs. Sandra Herrera,2902515386,Pediatrics,67302 Billy Ports Suite 175,Lake Mercedes,LA,88805,7532198410,pending,2025-04-03
936,April Green,5284677037,Pediatrics,7970 Angie Stream Apt. 076,Donnaton,MA,67339,955.901.7272,inactive,2024-11-04
937,Kimberly Cunningham,1832051121,Orthopedics,0636 Charles River,West Anthonyport,AZ,53090,911-874-7117x06485,active,2026-03-08
938,Tiffany Mccoy,1240790448,Orthopedics,88190 Cory Terrace,Lorimouth,UT,53830,367.976.1952x4960,active,2024-06-08
939,Brandon Henderson,5177022380,Orthopedics,534 Wagner Estates Suite 725,Lake Eduardo,RI,46810,+1-492-984-8987x3587,inactive,2026-04-10
940,Sherri Lee,5702409398,Family Medicine,639 Cannon Heights Suite 427,New Angela,MD,95244,001-965-523-9188x67622,inactive,2025-01-09
941,Mrs. Cynthia Collins,0620166334,Neurology,42156 Jonathan Spurs,Gregorychester,IL,53080,(288)662-3357,inactive,2024-11-28
942,Robert Wilson,4344211175,Pediatrics,449 Woods Heights Apt. 188,Haydenport,MS,31648,815.612.9116x47924,pending,2024-09-18
943,Kathryn Ramos,4735399875,Cardiology,3007 Pacheco Green,Tinaland,AS,69842,447.692.3057,active,2025-01-03
944,Billy Ramsey,1246437862,Dermatology,01460 Fisher Summit Suite 106,Allenmouth,PW,41069,+1-312-618-7906x506,inactive,2025-03-27
945,Adam Rodriguez,2502316004,Psychiatry,72898 Mccormick Wall,Lake Dennis,HI,08375,+1-261-949-8425,pending,2025-08-06
946,Lisa Olsen,7842001414,Oncology,46073 Jackson Squares Suite 159,Genemouth,WA,79009,001-594-275-7637x982,inactive,2025-01-14
947,Mr. Matthew Burke MD,3676074105,Cardiology,481 Smith Harbors,New Brian,IA,45196,(702)685-8696x60963,active,2025-09-17
948,Jenna Knox,5121018426,Neurology,264 Melendez Pine,Port Davidview,MI,76840,508-959-3565x3524,pending,2025-11-26
949,Theresa Rivera,7655737485,Cardiology,1225 Barnes Underpass,North Donnamouth,WI,22769,(479)529-4965,inactive,2025-12-06
950,David Marks,9902038540,Psychiatry,08415 Shelly Haven Apt. 695,Smallbury,MP,91560,+1-451-639-7635,pending,2025-03-11
951,Nathan Adkins,0408520633,Neurology,1189 Fox Field Suite 282,Wintersborough,TN,29141,001-580-541-9171x603,active,2024-06-24
952,Dorothy Miller,4366020931,Pediatrics,8802 Anthony Garden,Washingtonchester,NM,60490,273.565.7645x545,active,2024-11-09
953,Ashley Rivera,4351102693,Oncology,3308 James Gateway Apt. 135,West Terrihaven,MD,44588,001-907-602-6406x2606,pending,2025-10-17
954,Zachary Francis,4487621648,Family Medicine,427 Wright Extensions,Brianshire,MD,63151,(552)902-3589,active,2025-04-13
955,James White,4889199495,Pediatrics,5991 Edwards Viaduct,Douglasport,ME,57197,452-839-0041x524,inactive,2025-05-08
956,David Zamora,1897795014,Pediatrics,0936 Thomas Row Suite 028,North Laurenport,TN,10556,570.673.4603x161,active,2024-05-20
957,Mr. Robert Reese,6457527542,Neurology,86785 Susan Springs,South Rebeccafurt,NC,67097,355-871-5566,pending,2025-03-10
958,Dr. Veronica Knight,6364605955,Orthopedics,611 Jamie Isle,Joyceburgh,DC,34684,(418)825-6961x921,inactive,2026-03-02
959,Patrick Collins,6978487989,Dermatology,319 Spears Centers Suite 270,Jeannefurt,OK,24513,(359)416-4230,active,2025-04-28
960,Thomas Miranda,1763191986,Dermatology,0855 Lisa Avenue,Frenchburgh,ID,02083,(635)367-3577x56942,active,2024-05-12
961,Adam Mccann,0327303248,Dermatology,746 Kaitlin Islands,Lake Jenny,WY,45267,(811)488-2038x06958,active,2025-09-06
962,Christina Banks,1112817790,Dermatology,666 Perez Run,Timothyhaven,CA,85703,526.559.8450,pending,2026-04-25
963,Anthony Thompson DDS,4037535313,Cardiology,452 Benton Isle,Hayesville,OR,83254,703-405-6878x07126,pending,2024-12-04
964,Dorothy Weaver,1852983882,Pediatrics,151 Matthews Mills,Gutierrezshire,CO,32756,(716)657-6528x2261,pending,2025-10-10
965,Robin Preston,2948494345,Pediatrics,6613 Cooper Junctions Apt. 091,Brookefurt,WA,58644,432.939.5936x01941,active,2024-06-02
966,Justin Murphy,3608780720,Neurology,33881 Eric Trace,Fosterfort,NE,29315,820.937.3448x365,pending,2024-05-11
967,Lauren Horton,5657439677,Family Medicine,4673 Charles Glen,New Sophiamouth,KY,56299,+1-387-230-5886,active,2026-01-22
968,William Taylor,9266254780,Cardiology,580 Smith Course,Paulmouth,PA,61691,001-800-901-9007x38854,active,2026-03-12
969,Lynn Chandler,4369390894,Dermatology,19859 Jimenez Pine,East Daniel,AL,46396,628-242-5111x9035,pending,2025-07-07
970,Kenneth Brown,2597999032,Orthopedics,876 Price Meadows,Lake Paulburgh,MP,95909,995.613.4039x97838,pending,2024-12-09
971,Cheyenne Rice,8363293970,Oncology,6382 Thomas Keys,Anitaside,MD,15865,931.917.8605,pending,2025-03-03
972,Benjamin Taylor,8892030287,Family Medicine,4058 John Villages Apt. 360,Kimhaven,NJ,15019,+1-824-697-2655x713,inactive,2025-07-06
973,Travis Wolfe,1453752574,Dermatology,882 Taylor Manor Apt. 185,Port Saraville,MD,96945,(773)238-5157x64670,pending,2025-09-06
974,Sarah Patel,9838319346,Dermatology,027 Hicks Meadow Apt. 345,Harrisbury,PR,27576,001-389-723-4952x45705,inactive,2026-02-01
975,Miranda Castaneda,2638803242,Orthopedics,61862 Carpenter Mountain Suite 762,Lake Taylor,IL,90223,+1-354-578-7268,pending,2026-03-13
976,Brittney Ramsey,4123280625,Oncology,941 Hill Land,Calebside,RI,22021,488-431-4003x56303,inactive,2025-03-22
977,Michael Pitts,0479865716,Psychiatry,213 Kimberly Underpass Suite 086,Port Amber,PW,70787,464-734-7608x82309,active,2025-06-12
978,Kyle Curtis,4673631633,Family Medicine,460 Taylor Summit,Ponceberg,NY,02372,636.349.0847,active,2025-08-15
979,Zachary King,3031016636,Psychiatry,28455 Jones Terrace Apt. 857,Hernandezshire,MI,10456,001-810-284-8610x66002,inactive,2024-12-13
980,Mandy Ramos,9538916244,Psychiatry,66788 Flores Mountains,Port Maria,PW,10482,(950)324-2389x35440,inactive,2025-12-16
981,Alexis Marshall,2985023050,Orthopedics,7148 Young Forges Apt. 171,Spencermouth,MI,33985,001-312-798-2492x2028,inactive,2025-12-06
982,Jordan Villarreal,5217680126,Pediatrics,50507 Valerie Dale Suite 913,Johnbury,GU,90678,001-625-602-7496x23838,inactive,2024-06-14
983,Tiffany Montes,3765439994,Neurology,858 James Burg,Davidsonville,LA,73458,(732)290-8505x04871,pending,2026-01-12
984,Calvin Lewis,7210907444,Neurology,391 Thomas Oval Suite 003,Michaelhaven,TX,66577,001-848-865-7374x496,inactive,2026-04-02
985,Daniel Gray,0474120818,Pediatrics,68938 Michael Walks,Port Amanda,OR,82440,704-939-3516x0269,inactive,2026-04-23
986,Michael Jordan,8480316367,Cardiology,5248 John Gardens,Cruzview,GA,80430,739.530.3953x95260,inactive,2024-09-20
987,Sara Hobbs,4011499747,Orthopedics,7377 Joshua Radial Apt. 967,New Kylefurt,VI,44592,001-677-239-6103,inactive,2025-01-16
988,Steven Weaver,9108041756,Cardiology,07218 Stanley Unions Apt. 699,South Lukemouth,HI,30857,(434)811-0485x78671,inactive,2025-01-05
989,Christopher Decker,8291278988,Psychiatry,249 Claudia Lodge Apt. 841,Ericaside,WI,44375,(737)730-4376x318,active,2025-06-28
990,Alison Underwood,6944814400,Pediatrics,407 Jenkins Drive,Port Michelle,DE,07174,001-764-607-9729x6822,active,2024-08-31
991,Natalie Green,9799251973,Family Medicine,5475 Huff Squares Apt. 710,Jacobshire,WA,91708,(759)506-7718,inactive,2025-10-15
992,Mark Alvarez,3040256004,Oncology,16677 Hernandez Trail,South Danielberg,FM,59205,001-671-476-3506,pending,2026-05-11
993,Keith Lawson,0438817676,Oncology,70254 Stephanie Locks,New Carl,NY,40999,(847)225-6046x78203,active,2025-02-20
994,Erica Pope,5026134097,Pediatrics,22066 Graham Islands,Dianamouth,IN,96954,+1-824-321-6943x5328,inactive,2025-04-16
995,Holly Preston,3805732136,Neurology,864 Cook Landing Apt. 615,North Scottstad,TN,48394,305.429.5086x8744,active,2025-11-26
996,Michael Aguilar,8962586926,Pediatrics,6006 Matthew Key,West Christophershire,VI,99498,451.993.7849x531,inactive,2025-12-18
997,Sean Aguirre,5801976213,Psychiatry,1646 Luis Squares Suite 532,East Melanie,WY,34803,001-670-281-0148x12971,inactive,2025-11-28
998,Sheryl Barrett,3748126817,Dermatology,08058 Mark Shoal,New Davidtown,ID,28895,205-408-1056x3586,inactive,2026-04-13
999,Zoe Davis,6946021246,Family Medicine,4281 Janice Stream Suite 983,Waterston,NH,35559,+1-488-249-5912x609,active,2024-11-05
1000,Ryan Mcgee,5657166578,Oncology,04995 Kevin Parkway,Robertsville,MO,35978,(908)462-9532x230,pending,2026-05-07
